category,maker_name,year,units_sold
LMV,ACTION CONSTRUCTION EQUIPMENT LTD.,2015,6
LMV,AMMAN ENGINEERING COMPANY,2015,1
2W,AMPERE VEHICLES PVT LTD,2015,31
LMV,ANBU TRAILERS,2015,1
LMV,ANTONY TRAILORS,2015,1
LMV,ARBUDA TRAILER,2015,1
3W,ATTOLENT AUTOGROUP PVT LTD,2015,35
3W,ATUL AUTO LTD,2015,1
2W,BAJAJ AUTO LTD,2015,161
3W,BAJAJ AUTO LTD,2015,37
LMV,BALAMURUGAN ENGINEERING WORKS,2015,1
3W,BATTERY RICKSHAW SANGH,2015,669
3W,BESTWAY AGENCIES PVT LTD,2015,1
LMV,BILAL TRAILORS,2015,2
LMV,BMW INDIA PVT LTD,2015,1
2W,BSA MOTORS,2015,1
3W,CLH GASEOUS FUEL APPL PVT LTD,2015,4
3W,DEVAM ELECTRIC VEH P L,2015,1
LMV,DHARMAND TRAILERS,2015,1
3W,DILLI ELECTRIC AUTO PVT LTD,2015,16
MMV,DIVYA INDUSTRIES,2015,1
2W,DSK MOTOWHEELS PVT LTD.,2015,1
3W,DYS IMPEX PVT LTD,2015,1
LMV,EICHER TRACTORS,2015,4
2W,EKO VEHICLE PRIVATE LIMITED,2015,10
2W,ELECTROTHERM (I) LIMITED,2015,178
3W,ELECTROTHERM (I) LIMITED,2015,44
3W,ELECTROTHERM (INDIA) LIMITED,2015,1
LMV,FORD INDIA PVT LTD,2015,1
LMV,GANAPATI AGRO INDUSTRIES,2015,1
3W,GEMAG CONSTRUCTION MACHINARY,2015,1
2W,GENERAL MOTORS INDIA PVT LTD,2015,3
LMV,GENERAL MOTORS INDIA PVT LTD,2015,1
LMV,GODREJ AND BOYCE MFG CO LTD,2015,15
3W,GOENKA ELECTRIC MOTOR VEH P L,2015,35
3W,GOOD ENERGY INDIA,2015,1
3W,GREEN IMPEX,2015,1
2W,HERO ECO VEHICLES PVT LTD,2015,33
2W,HERO ELECTRIC VEHICLE PVT LTD,2015,254
3W,HERO ELECTRIC VEHICLE PVT LTD,2015,63
2W,HERO ELECTRIC VEHICLES PVT. LTD,2015,1
2W,HERO HONDA MOTORS  LTD,2015,19
2W,HERO MOTOCORP LTD,2015,92
2W,HONDA CARS INDIA LTD,2015,134
LMV,HONDA CARS INDIA LTD,2015,2
2W,HONDA MOTORCYCLE AND SCOOTER INDIA (P) LTD,2015,119
2W,INDIA YAMAHA MOTOR PVT LTD,2015,26
2W,INDUS ELECTROTHERM INDIA LTD,2015,13
2W,ISUZU MOTOR INDIA PVT LTD,2015,1
LMV,JAI AMBE FABRICATION & ENGINEERING WORK,2015,1
LMV,JANANI TRAILERS,2015,1
LMV,JAYANTI AGRO CENTRES,2015,1
LMV,KARUMALAIAN AGRO INDUSTRY     ,2015,3
MMV,KARUMALAIAN AGRO INDUSTRY     ,2015,1
3W,KINETIC GREEN ENERGY P SOL LTD,2015,29
3W,KINETIC MOTOR COMPANY LIMITED,2015,3
LMV,KION INDIA PVT LTD,2015,2
LMV,KISAN AGRO INDUSTRIES,2015,2
3W,KNIGHT QUEEN INDUSTRIES PV LTD,2015,8
2W,KRT MOTORS PVT LTD,2015,1
LMV,KUBOTA AGRICULTURAL MACHINERY INDIA PVT.LTD.,2015,1
3W,KUKU AUTOMOTIVES,2015,39
LMV,LAKSHMI AGRO INDUSTRIES,2015,6
LMV,LMV LTD,2015,2
3W,LOHIA AUTO INDUSTRIES,2015,5
3W,M/S CHAMPION POLY PLAST,2015,877
3W,MAA SHAKTI EXIM PVT LTD,2015,23
LMV,MACNEILL ENGG LTD,2015,2
LMV,MAHALINGA ENGG. INDUSTRIES  ,2015,3
2W,MAHARASTRA SCOOTER LIMITED,2015,1
2W,MAHINDRA & MAHINDRA LIMITED,2015,4
3W,MAHINDRA & MAHINDRA LIMITED,2015,2
LMV,MAHINDRA & MAHINDRA LIMITED,2015,254
LMV,MAHINDRA ELECTRIC MOBILITY LIMITED,2015,462
LMV,MAHINDRA RENAULT PVT.LTD.,2015,2
2W,MAHINDRA TWO WHEELERS LTD,2015,5
LMV,MAHINDRA VEHICLE MANUFACTURER LIMITED,2015,1
LMV,MARUTI SUZUKI INDIA LTD,2015,8
3W,MAXI CAB,2015,1
LMV,MEGHA TRAILERS,2015,1
3W,MINI METRO,2015,6
LMV,MSI INDUSTRIES,2015,2
LMV,MUTHUR AGRO ENGINEERING WORKS,2015,1
3W,NEW ARCANA INDIA,2015,9
3W,NIC TEST ACCOUNT-1,2015,51
2W,OTHERS,2015,110
3W,OTHERS,2015,1708
LMV,OTHERS,2015,40
2W,PIAGGIO VEHICLES PVT LTD,2015,3
3W,PIAGGIO VEHICLES PVT LTD,2015,5
LMV,PONMALAR TRAILERS,2015,1
LMV,R.N.A.I.P.LTD,2015,1
LMV,RATHNA ENGINEERING COMPANY,2015,2
LMV,RENAULT INDIA PVT LTD,2015,2
LMV,REVA ELECTRIC CAR CO,2015,5
2W,ROYAL-ENFIELD (UNIT OF EICHER LTD),2015,56
LMV,ROYAL-ENFIELD (UNIT OF EICHER LTD),2015,1
3W,RSD SECURITY SOLUTIONS PVT LTD,2015,38
3W,SAERA ELECTRIC AUTO PVT LTD,2015,140
LMV,SAGAR AGRO INDUSTRIES,2015,1
3W,SAS MOTORS LTD.,2015,7
MMV,SHAH AGRO ENGG WORKS,2015,1
LMV,SHRI ABIRAMI TRAILERS,2015,2
LMV,SHRI DEVIKA TRAILERS,2015,1
LMV,SHRI GANAPATHY ENGG. WORKS,2015,2
LMV,SHRI GANESH TRAILER,2015,1
LMV,SHRI LAKSHMI LATHE WORKS,2015,6
3W,SHRI RAM AUTO TECH PVT LTD,2015,35
LMV,SHRI VENKATESHWARA TRAILOR,2015,1
MMV,SML ISUZU LTD,2015,1
3W,SONI E VEHICLES PVT LTD,2015,44
3W,SPEEGO VEHICLES PVT. LTD,2015,227
LMV,SRI RAMA TRAILERS,2015,1
3W,SUN MOTORS,2015,1
3W,SUPERECO AUTOMOTIVE CO,2015,1
LMV,SURYA TRAILORS AND TANKERS,2015,1
2W,SUZUKI MOTORCYCLE INDIA PVT LTD,2015,17
LMV,TATA MOTORS LTD,2015,9
MMV,TATA MOTORS LTD,2015,1
3W,THUKRAL ELECTRIC BIKES PVT LTD,2015,326
LMV,TOYOTA KIRLOSKAR MOTOR PVT LTD,2015,19
2W,TVS MOTOR COMPANY LTD,2015,165
3W,TVS MOTOR COMPANY LTD,2015,2
3W,U P TELELINKS LTD,2015,22
3W,VGLAN BUILDCON PVT LTD,2015,4
LMV,VICTOR AGRO INDUSTRIES,2015,2
3W,VICTORY ELECTRIC INTERNATIONAL,2015,107
3W,VOLKSWAGEN INDIA PVT LTD,2015,1
3W,VVA AUTO INDUSTRIES PVT LTD,2015,2
MMV,WIRTGEN INDIA PVT LTD,2015,1
3W,Y.C.ELECTRIC VEHICLE,2015,780
3W,YC ELECTRIC VEHICLE,2015,1
3W,3GB TECHNOLOGY PVT LTD,2016,1
3W,A B EXCAVATORS & EARTHMOVER LTD,2016,1
3W,A K AUTTO ELECTRICAL,2016,1
LMV,A R T WELDING WORKS,2016,1
3W,A.K.AUTO ELECTRICAL,2016,2
3W,A3T INCORPORTED,2016,8
3W,AADHYA ENTERPRISES,2016,3
3W,AADITYA EMOTORS INDIA PVT LTD,2016,1
3W,ACCRETION POWER AUTOS,2016,1
2W,ACTION CONSTRUCTION EQUIPMENT LTD.,2016,1
LMV,ACTION CONSTRUCTION EQUIPMENT LTD.,2016,1
3W,ADITYA AGRO INDUSTRIES,2016,2
3W,ADITYA SAI INDUSTRIES,2016,39
3W,AGRASEN ENGINEERING WORKS,2016,1
3W,ALLFINE INDUSTRIES PVT LTD,2016,2
3W,ALTIUS TECHNOLOGIES,2016,32
3W,AL-ZAHOOR  CO,2016,6
3W,AMAN ELECTRIC VEHICLES,2016,80
LMV,ANBU TRAILERS,2016,3
3W,ANKUSH AUTO DEALS,2016,15
LMV,ANTONY TRAILORS,2016,8
3W,APARNA INDUSTRIES,2016,10
LMV,ARASAN AND CO.,2016,1
3W,ARMAN GREEN VEHICLES PVT LTD,2016,5
LMV,ASHOK LEYLAND LTD,2016,1
3W,ATTOLENT AUTO GROUP PVT LTD,2016,397
3W,ATTOLENT AUTOGROUP PVT LTD,2016,1299
3W,ATUL AUTO LTD,2016,99
3W,ATUT SANGAM,2016,1
3W,AVON CYCLE LTD INDIA,2016,1
3W,BABA E RICKSHAW & C BATTERIES,2016,2
3W,BABA E-VEHICLES,2016,2
2W,BAJAJ AUTO LTD,2016,78
3W,BAJAJ AUTO LTD,2016,58
3W,BALI AUTO INDUSTRIES,2016,2
3W,BATTERY RICKSHAW SANGH,2016,1321
2W,BENTLEY MOTORS LIMITED,2016,1
3W,BEST WAY AGENCIES PVT LTD,2016,57
3W,BESTWAY AGENCIES PVT LTD,2016,147
LMV,BILAL TRAILORS,2016,8
3W,BRIGHT AUTOZONE PVT LTD,2016,43
3W,CAPARO AUTOTECH LIMITED,2016,24
3W,CAPARO AUTOTECH LTD,2016,9
3W,CASE EQUIPMENT PRIVATE LTD,2016,1
3W,CEEON INDIA,2016,311
3W,CENTURY MOTORS PVT LTD,2016,2
3W,CHAMPION POLY PLAST,2016,492
3W,CHANGZHOU YEFEND VEHICLE CO,2016,3
3W,CHEHAK BATTERIES,2016,46
3W,CHEVROLET SALES INDIA PVT LTD,2016,6
2W,CHONGQING YU AN GROUP,2016,3
3W,CLH GASEOUS FUEL APPL PVT LTD,2016,157
LMV,CNH INDUSTRIAL (INDIA) PVT LTD,2016,1
3W,DAIMLER INDIA COMMERCIAL VEHICLES PVT. LTD,2016,1
3W,DASHMESH MECH WORKS PVT LTD,2016,1
3W,DD AUTO PVT LTD,2016,136
3W,DEVAM ELECTRIC VEH P L,2016,7
3W,DILIP CHHABRIA DESIGN PVT LTD,2016,1
3W,DILLI ELECTRIC AUTO PVT LTD,2016,1573
LMV,DILLI ELECTRIC AUTO PVT LTD,2016,2
3W,DIVANSHU AUTOMOBILES LIMITED,2016,14
3W,DIVANSU AUTOMOBILES LTD,2016,3
2W,DSK MOTOWHEELS PVT LTD.,2016,2
3W,DYS IMPEX PRIVATE LIMITED,2016,27
3W,DYS IMPEX PVT LTD,2016,4
3W,EDDY CURRENT CONTROLS (I) LTD,2016,1
LMV,EICHER MOTORS LTD,2016,3
LMV,EICHER TRACTORS,2016,2
3W,EKO VEHICLE PRIVATE LIMITED,2016,1
2W,ELECTROTHERM (I) LIMITED,2016,136
3W,ELECTROTHERM (I) LIMITED,2016,763
LMV,ELECTROTHERM (I) LIMITED,2016,1
3W,ELECTROTHERM (INDIA) LIMITED,2016,282
3W,ELITE AUTO ENGINEERS PVT LTD,2016,55
3W,ENERGY ELECTRIC VEHICLES,2016,361
3W,ENTICE IMPEX PVT LTD,2016,177
3W,EPOWER VEHICLES PVT LTD,2016,4
3W,ESCORT JCB LTD,2016,1
LMV,ESCORTS CONSTRUCTION EQUIPMENT LTD,2016,4
3W,ESCORTS KUBOTA LIMITED (AGRI MACHINERY GROUP),2016,1
LMV,ESCORTS KUBOTA LIMITED (AGRI MACHINERY GROUP),2016,1
3W,EXPO MACHINERY LTD,2016,1
3W,FIVE ELEMENTS,2016,6
LMV,FORCE MOTORS LIMITED,2016,1
3W,GEMAG CONSTRUCTION MACHINARY,2016,1
2W,GENERAL MOTORS INDIA PVT LTD,2016,1
3W,GIRNAR SCOOTERS LTD,2016,1
LMV,GODREJ AND BOYCE MFG CO LTD,2016,6
3W,GOENKA ELECTRIC MOTOR VEH P L,2016,195
LMV,GOENKA ELECTRIC MOTOR VEH P L,2016,1
3W,GOENKA ELECTRIC MOTOR VEHICLES PVT LTD,2016,73
3W,GOOD ENERGY INDIA,2016,19
3W,GOOD WILL HI PRECISION,2016,15
3W,GOODENERGY INDIA PVT LTD,2016,97
LMV,GREAT AUTOMOTIVE LIMITED,2016,2
3W,GREEN IMPEX,2016,627
3W,GREEN KAIKETSU AUTOMATIVE IND,2016,78
3W,GREEN KAIKETSU AUTOMOTIVE INDIA PVT LTD,2016,37
3W,GREENWHEELS AUTOMOBILE PVT LTD,2016,61
3W,GUJARAT TRACTOR CORP LTD,2016,1
3W,GURDEEP ENGINEERING WORKS,2016,1
3W,GURJEET AGRO INDUSTRIES,2016,1
2W,H.M.S.I. PVT. LTD.,2016,3
2W,HAMPI TRACTORS,2016,1
2W,HERO ECO VEHICLES PVT LTD,2016,22
3W,HERO ECO VEHICLES PVT LTD,2016,10
2W,HERO ELECTRIC VEHICLE PVT LTD,2016,246
3W,HERO ELECTRIC VEHICLE PVT LTD,2016,94
2W,HERO ELECTRIC VEHICLES PVT. LTD,2016,34
2W,HERO HONDA MOTORS  LTD,2016,54
2W,HERO MOTOCORP LTD,2016,157
LMV,HETTRA HET TRAILER,2016,1
2W,HINDUSTAN MOTOR FINANCE CORPORATION LIMITED,2016,1
3W,HITECH ELECTRIC AUTO CO,2016,27
3W,HITECH INDUSTRIES,2016,37
2W,HONDA CARS INDIA LTD,2016,81
LMV,HONDA CARS INDIA LTD,2016,1
2W,HONDA MOTORCYCLE AND SCOOTER INDIA (P) LTD,2016,195
LMV,HONDA MOTORCYCLE AND SCOOTER INDIA (P) LTD,2016,2
3W,HOTAGE INDIA,2016,5
3W,HOVEL CYLINDER PVT LTD,2016,152
3W,HYUNDAI MOTOR INDIA LTD,2016,1
LMV,HYUNDAI MOTOR INDIA LTD,2016,5
2W,INDIA YAMAHA MOTOR PVT LTD,2016,31
2W,INDUS ELECTROTHERM INDIA LTD,2016,3
LMV,INTERNATIONAL TRACTORS LIMITED,2016,6
3W,J S MOBILEON PVT LTD,2016,248
3W,J. S. AUTO (P) LTD,2016,95
3W,JAY ACE TECHNOLOGIES LTD,2016,36
LMV,JAY AMBE AGRICULTURE,2016,1
3W,JAYA AUTOMOTIVES PVT LTD      ,2016,3
3W,JIJO ELECTRIC WHEELS PVT LTD,2016,137
LMV,JOHN DEERE INDIA  PVT LTD(TRACTOR DEVISION),2016,1
3W,JUNO CASTINGS PVT LTD,2016,9
3W,KHEMRAJ AUTOMOTIVE INDUSTRIES,2016,48
3W,KINETIC GREEN ENERGY & POWER SOLUTIONS LTD,2016,12
3W,KINETIC GREEN ENERGY P SOL LTD,2016,2005
3W,KINETIC MOTOR COMPANY LIMITED,2016,250
LMV,KION INDIA PVT LTD,2016,3
MMV,KION INDIA PVT LTD,2016,2
3W,KIRTI SOLAR LTD,2016,8
LMV,KISAN AGRO INDUSTRIES,2016,1
3W,KNIGHT QUEEN INDUSTRIES PV LTD,2016,15
3W,KNIGHT QUEEN INDUSTRIES PVT LTD,2016,3
3W,KRISHNA ENGINEERING,2016,5
3W,KRISHNA ENGINEERING WORKS,2016,8
3W,KUKU AUTOMOTIVES,2016,190
3W,KUMAR MOTORS PVT LTD,2016,1
LMV,LAKSHMI AGRO INDUSTRIES,2016,1
3W,LML LIMITED,2016,22
3W,LOHIA AUTO INDUSTRIES,2016,133
3W,LOHIA AUTO INDUSTRIES LTD.,2016,400
3W,LOTEY AGRO INDUSTRY,2016,441
3W,M K ENTERPRISES,2016,210
LMV,M.G.P ENGINEERING WORKS,2016,2
3W,M.K. ENTERPRISES,2016,131
3W,M/S CHAMPION POLY PLAST,2016,3089
LMV,M/S CHAMPION POLY PLAST,2016,2
3W,M/S HOVEL CYLINDER PVT LTD,2016,84
3W,M/S SHRIRAM AUTO TECH PVT LTD,2016,626
3W,MAA SHAKTI EXIM PVT LTD,2016,982
LMV,MACNEILL ENGG LTD,2016,2
2W,MAHINDRA & MAHINDRA LIMITED,2016,1
3W,MAHINDRA & MAHINDRA LIMITED,2016,35
LMV,MAHINDRA & MAHINDRA LIMITED,2016,344
LMV,MAHINDRA & MAHINDRA LIMITED (SWARAJ DIVISION),2016,1
LMV,MAHINDRA ELECTRIC MOBILITY LIMITED,2016,306
3W,MAHINDRA GUJARAT TRACTOR LIMITED,2016,1
3W,MAHINDRA NISSAN ALLWYN LTD.,2016,3
2W,MAHINDRA TWO WHEELERS LTD,2016,14
LMV,MARUTI SUZUKI INDIA LTD,2016,11
3W,MINI METRO,2016,681
3W,MINI METRO EV L.L.P,2016,125
3W,NABH MOTORS PVT LTD,2016,29
3W,NEEDLE EYE PLASTIC INDUSTRIES PVT LTD,2016,42
LMV,NEEDLE EYE PLASTIC INDUSTRIES PVT LTD,2016,10
3W,NEW ARCANA INDIA,2016,125
2W,NIC TEST ACCOUNT-1,2016,3
3W,NIC TEST ACCOUNT-1,2016,891
LMV,NIC TEST ACCOUNT-1,2016,3
3W,NIKHIL FURNITURES,2016,1
3W,NISSAN MOTOR INDIA PVT LTD,2016,408
LMV,NISSAN MOTOR INDIA PVT LTD,2016,2
3W,OK PLAY INDIA LTD,2016,9
2W,OKINAWA AUTOTECH PVT LTD,2016,1
3W,OM BALAJEE AUTOMOBILE ( INDIA) PVT. LTD,2016,389
3W,OM BALAJI AUTOMOBILES I P LTD,2016,340
2W,OTHERS,2016,136
3W,OTHERS,2016,13401
LMV,OTHERS,2016,66
MMV,OTHERS,2016,1
3W,PARI E-VEHICLES,2016,6
3W,PASHUPATI VEHICLE PVT. LTD.,2016,1
3W,PATS MOTOR CORP,2016,1
2W,PIAGGIO VEHICLES PVT LTD,2016,7
3W,PIAGGIO VEHICLES PVT LTD,2016,4
LMV,PUNJAB TRACTORS LIMITED,2016,1
LMV,RATHNA ENGINEERING COMPANY,2016,1
3W,REFLEX CONTROL SYSTEM PVT,2016,3
LMV,RENAULT INDIA PVT LTD,2016,1
LMV,REVA ELECTRIC CAR CO,2016,1
2W,ROYAL-ENFIELD (UNIT OF EICHER LTD),2016,34
3W,RSD SECURITY SOLUTIONS PVT LTD,2016,101
3W,S.V AUTOMOTIVE,2016,212
3W,SAERA ELECTRIC AUTO PVT LTD,2016,1203
3W,SAKSHAM TRADING COMPANY,2016,181
2W,SAME DEUTZ - FAHR INDIA (P) LTD.,2016,1
3W,SAME DEUTZ - FAHR INDIA (P) LTD.,2016,1
3W,SAS MOTORS LTD.,2016,13
3W,SAURYAA SHARYO CORPORATION,2016,4
3W,SHERA ELECTRICAL AUTO PVT LTD,2016,12
3W,SHIGAN EVOLTZ LTD,2016,82
LMV,SHIV TRAILOR INDUSTRIES,2016,2
LMV,SHRI ABIRAMI TRAILERS,2016,2
MMV,SHRI ABIRAMI TRAILERS,2016,1
LMV,SHRI ARUPADAYAN TRAILERS,2016,1
LMV,SHRI BANASHANKARI ENG WORKS,2016,1
3W,SHRI CHAMUNDI MOPEDS,2016,6
3W,SHRI CHINNAMMAN ENGG. WORKS    ,2016,1
LMV,SHRI DEVIKA TRAILERS,2016,1
LMV,SHRI GANAPATHY ENGG. WORKS,2016,1
LMV,SHRI JYOTHI ENG. WORKS.,2016,1
LMV,SHRI KANAGA TRAILERS TANKAR,2016,1
LMV,SHRI LAKSHMI LATHE WORKS,2016,11
LMV,SHRI LAXMI ENGINEERING WORKS,2016,1
3W,SHRI RAM AUTO TECH PVT LTD,2016,469
3W,SHRI RAM AUTOMOBILES,2016,23
LMV,SHRI VAIRAMUTHU TRAILERS,2016,2
LMV,SINDHU MOTORS,2016,1
LMV,SIVA ENGINEERING WORKS,2016,1
LMV,SIVASAKTHI ENGINEERING WORKS,2016,1
3W,SIWACH STEEL PVT LTD,2016,24
3W,SKYRIDE AUTOMOTIVE,2016,301
3W,SML ISUZU LTD,2016,1
LMV,SML ISUZU LTD,2016,4
3W,SONI E VEHICLE PVT LTD,2016,41
3W,SONI E VEHICLES PVT LTD,2016,252
3W,SPEEDWAYS ELECTRIC PVT LTD,2016,14
3W,SPEEGO VEHICLES CO PVT LTD,2016,33
3W,SPEEGO VEHICLES PVT. LTD,2016,287
3W,SRI SAI MARKETING,2016,1
3W,SUCCESSPATH MARKETING PVT LTD,2016,17
3W,SUN MOTORS,2016,3
3W,SUN SHINE ENGINEERING WORKS,2016,1
3W,SUPERECO AUTOMOTIVE CO,2016,8
3W,SUPERECO AUTOMOTIVE CO LLP,2016,1
LMV,SURYA TRAILORS AND TANKERS,2016,2
2W,SUZUKI MOTORCYCLE INDIA PVT LTD,2016,24
LMV,TAFE LIMITED,2016,1
2W,TATA MOTORS LTD,2016,2
LMV,TATA MOTORS LTD,2016,10
3W,TEREX CORPORATION,2016,15
3W,TERRA MOTORS INDIA PVT LTD,2016,64
3W,THUKRAL ELECTRIC BIKES PVT LTD,2016,1493
3W,TOP TEAM MACHINES PVT LTD,2016,14
LMV,TOYOTA KIRLOSKAR MOTOR PVT LTD,2016,24
3W,TSM ENGINEERING PVT LTD,2016,5
2W,TVS MOTOR COMPANY LTD,2016,171
3W,TVS MOTOR COMPANY LTD,2016,6
3W,TWINKLE TRADCOM PVT LTD,2016,4
3W,U P TELELINKS LTD,2016,210
3W,U.P. TELELINKS LIMITED,2016,299
3W,UMA  AUTO INDUSTRIES PVT. LTD,2016,3
3W,UMA AUTO INDUSTRIES PVT LTD,2016,1
3W,UNITED AUTO TRACTORS LTD      ,2016,1
3W,V V A ELECTRIC VEHICLE,2016,36
3W,V.V.A.AUTO INDUSTRIES PVT.LTD,2016,6
3W,VAUXHALL MOTORS LTD,2016,1
3W,VE COMMERCIAL VEHICLES LTD,2016,9
3W,VEHICLE FACTORY JABALPUR,2016,5
3W,VENUS AUTO INDUSTRIES         ,2016,2
3W,VENUS AUTO WHEELS PVT LTD,2016,1
3W,VGLAN BUILDCON PRIVATE LIMITED,2016,4
3W,VGLAN BUILDCON PVT LTD,2016,4
3W,VICTOR AGRO INDUSTRIES,2016,49
3W,VICTORY ELECTRIC INTERNATIONAL,2016,846
LMV,VICTORY ELECTRIC INTERNATIONAL,2016,2
3W,VOLKSWAGEN INDIA PVT LTD,2016,1
LMV,VOLKSWAGEN INDIA PVT LTD,2016,2
3W,VOLMAC ENGINEERING PVT LTD,2016,3
LMV,VOLTAS LIMITED,2016,2
3W,VRINDA ENTERPRISES,2016,6
3W,VVA AUTO INDUSTRIES PVT LTD,2016,77
3W,WELCOME E RICKSHAW,2016,1
3W,XPLORE AUTOMOTIVE PVT LTD,2016,42
3W,XXPLORE AUTOMATIVE PVT LTD,2016,31
3W,XXPLORE AUTOMOTIVE PVT. LIMITED,2016,22
3W,Y.C.ELECTRIC VEHICLE,2016,3348
3W,YC ELECTRIC VEHICLE,2016,1665
3W,ZENIAK INNOVATION INDIA LTD,2016,10
3W,"""VOLVO GROUP INDIA PVT LTD""",2017,31
3W,3GB TECHNOLOGY PVT LTD,2017,1
3W,A D AGRO WORKS,2017,2
3W,A K AUTTO ELECTRICAL,2017,72
3W,A K GUPTA & CO.,2017,100
3W,A.K.AUTO ELECTRICAL,2017,8
3W,A.V.AUTOMOTIVES PVT LTD,2017,33
3W,A3T INCORPORTED,2017,94
LMV,A3T INCORPORTED,2017,2
3W,AADITYA EMOTORS INDIA PVT LTD,2017,471
LMV,AADITYA EMOTORS INDIA PVT LTD,2017,2
3W,AARGEE ELECTRIC,2017,1
3W,ABHAVIS TECHNOLOGY (I) PVT LTD,2017,1
LMV,ABIRAMI ENGINEERING WORKS,2017,1
3W,ACCRETION POWER AUTOS,2017,21
3W,ACTION CONSTRUCTION EQUIPMENT LTD.,2017,4
3W,ADITYA AGRO INDUSTRIES,2017,17
3W,ADITYA SAI INDUSTRIES,2017,187
LMV,ADITYA SAI INDUSTRIES,2017,2
3W,AGRO INDUSTRIES,2017,1
LMV,AHITESHAM AGRO ENGINEERING,2017,2
3W,ALLFINE INDUSTRIES PVT LTD,2017,239
3W,ALTIUS TECHNOLOGIES,2017,7
3W,AMAN AUTOMOBILES,2017,69
3W,AMAN ELECTRIC VEHICLES,2017,114
3W,AMAR COACH BUILDERS,2017,1
3W,AMPERE VEHICLES PVT LTD,2017,44
3W,AMW MOTORS LIMITED,2017,1
3W,ANJALI ENTERPRISES,2017,2
3W,ANKUSH AUTO DEALS,2017,72
LMV,ANTONY TRAILORS,2017,2
3W,APARNA AGRICO,2017,25
3W,APARNA INDUSTRIES,2017,93
3W,API MOTORS PVT LTD,2017,5
LMV,ARASAN AND CO.,2017,1
3W,ARCHIT ENTERPRISES,2017,131
3W,ARIHANT ENTERPRISE,2017,1
3W,ARMAN GREEN VEHICLES PVT LTD,2017,195
3W,ARNA ELECTRIC AUTO PVT LTD,2017,29
3W,ARROW AUTOMOTIVE,2017,1
3W,ASHA IMPEX,2017,5
3W,ASHOK LEYLAND LTD,2017,1
3W,ASHWA ELECTRIC,2017,2
3W,ATR TECHNOSALES PRIVATE LIMITED,2017,4
3W,ATTOLENT AUTO GROUP PVT LTD,2017,1023
3W,ATTOLENT AUTOGROUP PVT LTD,2017,190
3W,ATUL AUTO LTD,2017,219
LMV,ATUL AUTO LTD,2017,14
3W,ATUT SANGAM,2017,85
LMV,AUDI AG,2017,1
3W,AUTOLITE (INDIA) LIMITED,2017,49
3W,AVON CYCLE LTD INDIA,2017,17
2W,AVON CYCLES LTD,2017,8
3W,AVON CYCLES LTD,2017,71
3W,BABA E RICKSHAW & C BATTERIES,2017,31
3W,BABA E-VEHICLES,2017,53
3W,BAFNA AUTO CARS I PVT.LTD.,2017,1
2W,BAJAJ AUTO LTD,2017,43
3W,BAJAJ AUTO LTD,2017,86
3W,BAJAJ IMPLEMENTS PVT LTD,2017,71
3W,BAJAJ IMPLEMENTS PVT. LTD,2017,83
3W,BAL GOPAL WHEELS PVT LTD,2017,21
3W,BALI AUTO INDUSTRIES,2017,155
3W,BATTERY RICKSHAW SANGH,2017,30
3W,BENTINCK INDUSTRIES PVT. LTD.,2017,13
3W,BEST WAY AGENCIES PVT LTD,2017,1501
3W,BESTWAY AGENCIES PVT LTD,2017,271
3W,BESTWAY BANARASH,2017,2
3W,BHAVE ELECTRIC VEHICLES PVT LTD,2017,1
3W,BIG BULL TRADER PVT LTD,2017,30
3W,BIJNOR ENTERPRISES,2017,18
LMV,BILAL TRAILORS,2017,1
3W,BRIGHT AUTOZONE PVT LTD,2017,608
3W,BULL MACHINES PVT LTD,2017,21
3W,CAPARO AUTOTECH LIMITED,2017,321
LMV,CAPARO AUTOTECH LIMITED,2017,1
3W,CAPARO AUTOTECH LTD,2017,62
3W,CASE EQUIPMENT PRIVATE LTD,2017,1
3W,CATERPILLAR INDIA PRIVATE LIMITED,2017,5
3W,CEEON INDIA,2017,536
3W,CENTURY MOTORS PVT LTD,2017,2
3W,CHAMPION POLY PLAST,2017,1744
3W,CHANGZHOU YEFEND VEHICLE CO,2017,8
3W,CHATELEC VEHICLES INDIA LTD,2017,1
LMV,CHATELEC VEHICLES INDIA LTD,2017,1
3W,CHEHAK BATTERIES,2017,160
3W,CITYGREEN AUTO & PETRO CHEMICALS (P) LTD,2017,132
3W,CLH GASEOUS FUEL APPL PVT LTD,2017,158
LMV,CNH INDUSTRIAL (INDIA) PVT LTD,2017,1
3W,CONTINENTAL ENGINES PVT LTD,2017,57
3W,CREATIVE ENGINEERINGS,2017,60
3W,D S R AUTOMOTIVES (INDIA) PVT LTD,2017,3
3W,DAEWOO MOTORS INDIA LTD,2017,2
3W,DAIMLER INDIA COMMERCIAL VEHICLES PVT. LTD,2017,1
3W,DASHMESH MECH WORKS PVT LTD,2017,3
3W,DAVE EXIM PVT LTD,2017,567
3W,DD AUTO PVT LTD,2017,274
3W,DEEP DRAWN TECHNOLOGIES,2017,4
3W,DELHI AUTOMOBILES LTD,2017,1
3W,DELTA AUTOCORP LLP,2017,12
3W,DEVAM ELECTRIC VEH P L,2017,3
3W,DILLI ELECTRIC AUTO PVT LTD,2017,2205
LMV,DILLI ELECTRIC AUTO PVT LTD,2017,1
3W,DIVANSHU AUTOMOBILES LIMITED,2017,129
3W,DIVANSU AUTOMOBILES LTD,2017,50
3W,DIVYA ENTERPRISES,2017,3
3W,DSF INDUSTRIES PVT LTD,2017,5
3W,DUCATI MOTOR HOLDING S.P.A,2017,4
3W,DYS IMPEX PRIVATE LIMITED,2017,777
3W,DYS IMPEX PVT LTD,2017,130
3W,ECO-FRIENDLY ELECTRIC VEHICLE PVT LTD,2017,18
3W,EDDY CURRENT CONTROLS (I) LTD,2017,4
3W,EICHER MOTORS LTD,2017,1
LMV,EICHER TRACTORS,2017,4
2W,EKO VEHICLE PRIVATE LIMITED,2017,8
3W,ELECTRA INTERNATIONAL,2017,39
2W,ELECTROTHERM (I) LIMITED,2017,26
3W,ELECTROTHERM (I) LIMITED,2017,919
LMV,ELECTROTHERM (I) LIMITED,2017,11
2W,ELECTROTHERM (INDIA) LIMITED,2017,15
3W,ELECTROTHERM (INDIA) LIMITED,2017,627
3W,ELGI EQUIPMENTS LTD           ,2017,2
3W,ELITE AUTO ENGINEERS PVT LTD,2017,50
3W,E-MOTION AUTOMOTIVE INDUSTRY LLP,2017,6
3W,ENERGY ELECTRIC VEHICLES,2017,1928
3W,ENTICE IMPEX PVT LTD,2017,200
3W,EPOWER VEHICLES PVT LTD,2017,185
3W,EXTREME MOTORS,2017,49
3W,FIVE ELEMENTS,2017,48
3W,G & G AUTOMOTIVE,2017,47
3W,G.K. RICKSHAW,2017,816
LMV,G.K. RICKSHAW,2017,1
3W,GARWARE MOTORS LIMITED,2017,8
3W,GAYATRI ELECTRIC VEHICLES,2017,6
3W,GEMAG CONSTRUCTION MACHINARY,2017,3
3W,GENERAL MOTORS INDIA PVT LTD,2017,1
3W,GKON ELECTRIC MOTOR VEHICLES PVT LTD,2017,207
LMV,GODREJ AND BOYCE MFG CO LTD,2017,15
3W,GOENKA ELECTRIC MOTOR VEH P L,2017,55
LMV,GOENKA ELECTRIC MOTOR VEH P L,2017,2
3W,GOENKA ELECTRIC MOTOR VEHICLES PVT LTD,2017,348
3W,GOOD ENERGY INDIA,2017,36
3W,GOOD WILL HI PRECISION,2017,21
3W,GOODENERGY INDIA PVT LTD,2017,86
3W,GOODWILL HI PRECISION WORKS PVT LTD,2017,3
3W,GOPAL AGROTECH,2017,1
3W,GREAVES COTTON LTD.,2017,1
3W,GREAVES INDIA PVT LTD,2017,9
3W,GREEN IMPEX,2017,650
3W,GREEN KAIKETSU AUTOMATIVE IND,2017,175
3W,GREEN KAIKETSU AUTOMOTIVE INDIA PVT LTD,2017,146
3W,GREEN TECHNOLOGIES,2017,178
3W,GREEN VALLEY MOTORS,2017,47
3W,GREEN WAY ECO RIDE,2017,1
3W,GREEN WHEELZ (INDIA),2017,31
3W,GREENETICS INDUSTRIES PVT LTD,2017,1
3W,GREENWHEELS AUTOMOBILE PVT LTD,2017,170
3W,GURDEEP ENGINEERING WORKS,2017,8
3W,GURJEET AGRO INDUSTRIES,2017,8
3W,GURUKIRPA INDUSTRIES,2017,127
3W,GURUKIRPA MOTORS,2017,16
3W,GURUKRAPA ENGINEERING WORKS,2017,1
2W,H.M.S.I. PVT. LTD.,2017,2
3W,HARJAS AGRO INDUSTRIES,2017,1
3W,HARSH TRADING CO,2017,67
3W,H-D MOTOR COMPANY INDIA PVT LTD,2017,4
3W,HERCULES CRANE PVT.LTD.,2017,145
2W,HERO ECO VEHICLES PVT LTD,2017,17
3W,HERO ECO VEHICLES PVT LTD,2017,1
2W,HERO ELECTRIC VEHICLE PVT LTD,2017,164
3W,HERO ELECTRIC VEHICLE PVT LTD,2017,42
LMV,HERO ELECTRIC VEHICLE PVT LTD,2017,1
2W,HERO ELECTRIC VEHICLES PVT. LTD,2017,162
3W,HERO ELECTRIC VEHICLES PVT. LTD,2017,72
2W,HERO HONDA MOTORS  LTD,2017,4
2W,HERO MOTOCORP LTD,2017,74
3W,HERO MOTOCORP LTD,2017,229
3W,HIM TEKNOFORGE LTD,2017,19
3W,HITECH ELECTRIC AUTO CO,2017,14
3W,HITECH INDUSTRIES,2017,62
3W,HI-TECH INDUSTRIES,2017,253
3W,HITEK ELECTRIC AUTO CO,2017,87
3W,HITEK ELECTRIC AUTO CO.,2017,2
3W,HMT LIMITED,2017,1
2W,HONDA CARS INDIA LTD,2017,120
2W,HONDA MOTORCYCLE AND SCOOTER INDIA (P) LTD,2017,36
2W,HOOGHLY MOTORS PVT LTD,2017,1
3W,HOOGHLY MOTORS PVT LTD,2017,918
3W,HOTAGE INDIA,2017,688
3W,HOVEL CYLINDER PVT LTD,2017,456
LMV,HYUNDAI MOTOR INDIA LTD,2017,2
3W,IDEAL JAWA INDIA PVT LTD,2017,1
2W,INDIA YAMAHA MOTOR PVT LTD,2017,14
3W,INDIA YAMAHA MOTOR PVT LTD,2017,36
3W,INDO FARM EQUIPMENT LIMITED,2017,1
2W,INDUS ELECTROTHERM INDIA LTD,2017,2
2W,INTERNATIONAL CARS & MOTORS LTD,2017,1
3W,INTERNATIONAL CARS & MOTORS LTD,2017,1
LMV,INTERNATIONAL TRACTORS LIMITED,2017,6
3W,J S MOBILEON PVT LTD,2017,43
3W,J. S. AUTO (P) LTD,2017,2652
3W,J.S.AUTO PVT LTD (KANPUR),2017,2
3W,JAGUAR LAND ROVER INDIA LIMITED,2017,43
3W,JAISWAL INDUSTRIES,2017,8
3W,JAJODIA COMMODITIES PVT LTD,2017,131
3W,JAY ACE TECHNOLOGIES LTD,2017,88
3W,JAYA AUTOMOTIVES PVT LTD      ,2017,23
3W,JCB INDIA LTD,2017,37
LMV,JEEVA TRAILERS,2017,1
3W,JIJO ELECTRIC WHEELS PVT LTD,2017,442
LMV,JOHN DEERE INDIA  PVT LTD(TRACTOR DEVISION),2017,3
3W,JS MOBILEON PVT LTD,2017,146
LMV,JUNGHEINRICH AG AND CO,2017,2
3W,JUNO CASTINGS PVT LTD,2017,79
3W,KABMAX ELECTRIC AUTOMOBILES PVT. LTD,2017,6
3W,KALINGA VENTURES IND P,2017,25
3W,KALINGA VENTURES INDIA PVT LTD,2017,20
LMV,KALINGA VENTURES INDIA PVT LTD,2017,1
3W,KARNATAKA SCOOTERS LTD,2017,19
3W,KARTAR AGRO INDUSTRIES PVT LTD,2017,1
3W,KAYAMEL MACHINE PRIVATE LTD,2017,2
3W,KELVINATOR INDIA LTD          ,2017,3
3W,KHALSA  AGRO INDUSTRIES,2017,429
3W,KHALSA E-VEHICLES PVT LTD,2017,129
3W,KHAN ENGINEERING WORKS,2017,1
3W,KHEMRAJ AUTOMOTIVE INDUSTRIES,2017,352
3W,KINETIC GREEN ENERGY & POWER SOLUTIONS LTD,2017,383
3W,KINETIC GREEN ENERGY P SOL LTD,2017,880
3W,KINETIC MOTOR COMPANY LIMITED,2017,678
LMV,KION INDIA PVT LTD,2017,4
3W,KIRTI SOLAR LTD,2017,44
3W,KNIGHT QUEEN INDUSTRIES PV LTD,2017,1
3W,KNIGHT QUEEN INDUSTRIES PVT LTD,2017,10
3W,KRANTI AUTOMOBILES LIMITED,2017,9
3W,KRISHNA ENGINEERING,2017,6
3W,KRISHNA ENGINEERING WORKS,2017,168
3W,KRISHNA INDUSTRIES,2017,1
3W,KUKU AUTOMOTIVES,2017,421
3W,KUMAR MOTORS PVT LTD,2017,3
3W,L & T CASE EQUIPMENT PVT LTD,2017,1
LMV,LAKSHMI AGRO INDUSTRIES,2017,1
3W,LAWAT MOTORS,2017,60
2W,LML LIMITED,2017,10
3W,LML LIMITED,2017,38
LMV,LMV LTD,2017,1
2W,LOHIA AUTO INDUSTRIES,2017,1
3W,LOHIA AUTO INDUSTRIES,2017,184
3W,LOHIA AUTO INDUSTRIES LTD.,2017,420
3W,LOTEY AGRO INDUSTRY,2017,4
3W,LOTIA  MOTORS  LTD,2017,8
3W,M K ENTERPRISES,2017,169
3W,M.K. ENTERPRISES,2017,408
3W,M/S CHAMPION POLY PLAST,2017,386
LMV,M/S CHAMPION POLY PLAST,2017,2
3W,M/S HOVEL CYLINDER PVT LTD,2017,420
LMV,M/S HOVEL CYLINDER PVT LTD,2017,11
3W,M/S SHRIRAM AUTO TECH PVT LTD,2017,2227
LMV,M/S SHRIRAM AUTO TECH PVT LTD,2017,1
3W,M/S SRISHTI AUTOMOBILES,2017,3
3W,"M/S SUBHAM ENGINEERING WORKSHOP, BALIAPAL, BALASORE",2017,1
3W,M/S. DAVE EXIM (P) LTD.,2017,28
3W,MAA SHAKTI EXIM PVT LTD,2017,1196
3W,MAC AUTO INDIA,2017,147
3W,MACNEILL ENGG LTD,2017,2
3W,MAHINDRA & MAHINDRA LIMITED,2017,242
LMV,MAHINDRA & MAHINDRA LIMITED,2017,443
3W,MAHINDRA & MAHINDRA LIMITED (TRACTOR),2017,33
3W,MAHINDRA ELECTRIC MOBILITY LIMITED,2017,51
LMV,MAHINDRA ELECTRIC MOBILITY LIMITED,2017,499
3W,MAHINDRA NAVISTAR  AUTOMOTIVES LTD,2017,19
LMV,MAHINDRA TWO WHEELERS LTD,2017,2
3W,MALHOTRA  VEHICLE MANUFACTURING PVT LTD,2017,35
3W,MAN TRUCKS INDIA PVT. LTD.,2017,14
LMV,MARUTI SUZUKI INDIA LTD,2017,8
3W,"MAYUR ENTERPRISES,BARIPADA",2017,3
3W,MG MOTOR INDIA PVT LTD,2017,1
3W,MINI METRO,2017,1695
3W,MINI METRO EV L.L.P,2017,599
3W,MITHU BAJRANG ENG.WORKS,2017,1
3W,MOTOR & GENERAL SALES LTD.,2017,3
3W,MUNDE MECHANICAL WORKS,2017,17
3W,NABH MOTORS PVT LTD,2017,79
3W,NAND ELECTRIC MOTOR VEHICLE PVT LTD,2017,6
3W,NANNHRAY AGIRCULTURE WORKS,2017,31
3W,NANYA AIRCONN PVT LTD,2017,14
3W,NB TURNED  COMPONENTS PVT LTD,2017,31
3W,NEEDLE EYE PLASTIC INDUSTRIES PVT LTD,2017,516
LMV,NEEDLE EYE PLASTIC INDUSTRIES PVT LTD,2017,17
3W,NEW ARCANA INDIA,2017,224
3W,NEW HOLLAND CONSTRUCTION EQUIPMENT(I) PVT.LTD.,2017,8
2W,NIC TEST ACCOUNT-1,2017,6
3W,NIC TEST ACCOUNT-1,2017,2889
LMV,NIC TEST ACCOUNT-1,2017,369
3W,NICOLAS INDUSTRIES,2017,1
3W,NIKHIL FURNITURES,2017,76
3W,NIRMAL UTILITY SERVICES PVT LTD,2017,2
3W,NISSAN MOTOR INDIA PVT LTD,2017,2
LMV,NISSAN MOTOR INDIA PVT LTD,2017,4
3W,OK PLAY INDIA LTD,2017,336
2W,OKINAWA AUTOTECH PVT LTD,2017,331
3W,OM BALAJEE AUTOMOBILE ( INDIA) PVT. LTD,2017,1079
3W,OM BALAJI AUTOMOBILES I P LTD,2017,241
3W,ORIGINAL FUEL SYSTEM PVT LTD,2017,15
2W,OTHERS,2017,382
3W,OTHERS,2017,15094
LMV,OTHERS,2017,581
3W,PAARTH SARTHI AUTOMOTIVE ENGINEERS PVT LTD,2017,4
3W,PACE AGRO PRIVATE LIMITED,2017,11
3W,PACE AGRO PVT LTD,2017,29
3W,PAL DIESAL PVT LTD,2017,1
3W,PARAG AGRO,2017,2
3W,PARAS INDUSTRIES,2017,1
3W,PARI E-VEHICLES,2017,62
3W,PASHUPATI NATH MOTORS PVT LTD,2017,1
3W,PASHUPATI VEHICLE PVT. LTD.,2017,2
3W,PASHUPATI VEHICLES PVT LTD,2017,13
3W,PATS MOTOR CORP,2017,18
2W,PIAGGIO VEHICLES PVT LTD,2017,4
3W,PIAGGIO VEHICLES PVT LTD,2017,3
3W,PLAUDIT TECHNO INDIA PVT LTD,2017,271
LMV,PONMALAR TRAILERS,2017,2
3W,PORSCHE AG,2017,1
3W,PRAJAPATI ENG. WORKS,2017,1
3W,PREET TRACTORS PVT. LTD.,2017,10
3W,PREMIER LTD,2017,1
3W,PRESTANTIA CREATIONS PVT LTD,2017,18
3W,PUBANG ETRON ELECTRIC MOTOR PVT LTD,2017,38
3W,PUSHKAR INDUSTRIES,2017,1
3W,RAAJ AUTOMOTIVE,2017,1
3W,RAHUL AGRO EXPORTS PVT LTD,2017,77
3W,RAJ AUTOMOTIVE,2017,9
3W,RAJESH STEEL AND WIRE INDUSTRIES,2017,18
3W,RAJIV RAJ VEHICLES PVT LTD,2017,1
3W,RAJKAMAL MOTORS LTD,2017,1
3W,RAM JANKI ENG. WORK,2017,4
3W,RASANDIK ENGINEERING,2017,6
3W,RASANDIK ENGINEERING INDUSTRIES INDIA LTD,2017,13
3W,RASANDIK MOTORS PVT LTD,2017,12
3W,RASIWASIA RASAYAN PVT LTD,2017,60
3W,RAYON ENGINEERS,2017,67
3W,REFLEX CONTROL SYSTEM PVT,2017,22
3W,REFLEX CONTROL SYSTEM PVT .LTD,2017,40
2W,RENAULT INDIA PVT LTD,2017,1
3W,RENAULT INDIA PVT LTD,2017,14
3W,REPUBLIC MOTORS,2017,7
3W,REPUBLIC PVT.LTD.,2017,1
LMV,REVA ELECTRIC CAR CO,2017,26
2W,ROYAL-ENFIELD (UNIT OF EICHER LTD),2017,4
3W,ROYAL-ENFIELD (UNIT OF EICHER LTD),2017,1
3W,RSD SECURITY SOLUTIONS PVT LTD,2017,309
3W,RUDRA AUTO INDUSTRIES,2017,1
3W,RUTBA PRODUCT PVT LTD,2017,10
LMV,S J TRAILORS,2017,7
LMV,"S M TRACTOR TRALERS, SHAHAPUR",2017,2
3W,S.M. LTD.,2017,1
3W,S.P. ELECTRONICS,2017,3
3W,S.S.AGRO TECH,2017,10
3W,S.V AUTOMOTIVE,2017,409
3W,SAATHI TRADING CO,2017,2
3W,SAERA ELECTRIC AUTO PVT LTD,2017,1532
LMV,SAERA ELECTRIC AUTO PVT LTD,2017,1
3W,SAGAS AUTOTIC PVT LTD,2017,1
3W,SAHKAR AGRO IND,2017,1
3W,SAKSHAM TECH AUTO,2017,26
3W,SAKSHAM TRADING COMPANY,2017,272
LMV,SAKTHI VIJAY INDUSTRIES,2017,1
LMV,SAKTHI VINAYAKA ENGINEERING WORKS,2017,2
3W,SAME DEUTZ - FAHR INDIA (P) LTD.,2017,2
3W,SAMRAT ELECTRIC VEHICLE,2017,1
3W,SAN MOTORS LIMITED,2017,1
3W,SANT ENGG WORKS,2017,11
LMV,SARAVANA TRAILER,2017,1
3W,SAS MOTORS LTD.,2017,4
3W,SATHI MOTORS ELECTRIC VEHICLE PVT LTD,2017,10
3W,SAURYAA SHARYO CORPORATION,2017,12
3W,SCOOTERS INDIA LTD,2017,1
3W,SETHJI INDUSTRIES,2017,88
3W,SHAKTI AUTO GREEN,2017,63
3W,SHAKTIMAN AGRO INDUSTRIES,2017,1
3W,SHERA ELECTRICAL AUTO PVT LTD,2017,11
3W,SHIGAN EVOLTZ LTD,2017,352
3W,SHINE METAL UDYOG PVT LTD,2017,19
3W,SHINE METAL UDYOG PVT LTD (UNIT- II),2017,30
3W,SHIV OM INDIA,2017,633
LMV,SHIV TRAILOR INDUSTRIES,2017,2
3W,SHREE SIRIDI SAI MINERAL & EXPORTS PVT. LTD,2017,44
LMV,SHRI ABIRAMI TRAILERS,2017,5
LMV,SHRI ANGAMMAL ENGINEERING WORKS,2017,2
3W,SHRI BARSANA E-VEHICLES PVT LTD,2017,49
3W,SHRI CHAMUNDI MOPEDS,2017,2
3W,SHRI CHINNAMMAN ENGG. WORKS    ,2017,1
LMV,SHRI GANAPATHY ENGG. WORKS,2017,1
LMV,SHRI KUMAR TRAILERS EQUIPMENTS,2017,2
LMV,SHRI LAKSHMI LATHE WORKS,2017,8
LMV,SHRI MODERN TRAILERS,2017,2
3W,SHRI NAMO ELECTRIC AUTOMOTIVE,2017,131
3W,SHRI RAM AUTO TECH PVT LTD,2017,127
3W,SHRI RAM AUTOMOBILES,2017,17
LMV,SHRI SAKTHI VINAYAKA TRAILERS,2017,3
LMV,SHRI VAIRAMUTHU TRAILERS,2017,2
3W,SIARSA ELECTRICALS PVT LTD,2017,13
3W,SIWACH STEEL PVT LTD,2017,285
3W,SKS AUTOMOBILES (I) PVT LTD,2017,20
3W,SKS TRADE INDIA PVT LTD,2017,203
3W,SKYRIDE AUTOMOTIVE,2017,344
3W,SMART ELECTRO MOTORS,2017,4
3W,SML ISUZU LTD,2017,17
3W,SONI E VEHICLE PVT LTD,2017,109
LMV,SONI E VEHICLE PVT LTD,2017,1
3W,SONI E VEHICLES PVT LTD,2017,138
3W,SPEEDWAYS ELECTRIC,2017,85
3W,SPEEDWAYS ELECTRIC PVT LTD,2017,11
3W,SPEEGO VEHICLES CO PVT LTD,2017,427
3W,SPEEGO VEHICLES PVT. LTD,2017,164
3W,SSB INDISTRIES,2017,69
3W,STANDARD CORPORATION INDIA LTD,2017,3
3W,SUCCESSPATH MARKETING PVT LTD,2017,30
3W,SUMFONL AUTO TRADERS PVT LTD,2017,9
3W,SUN MOTORS,2017,7
3W,SUN MOTORS PVT LTD,2017,6
3W,SUN SHINE ENGINEERING WORKS,2017,1
3W,SUNKU AUTO LTD,2017,6
3W,SUPERECO AUTOMOTIVE CO,2017,325
3W,SUPERECO AUTOMOTIVE CO LLP,2017,47
3W,SUPERTECH EV LIMITED,2017,3
2W,SUZUKI MOTORCYCLE INDIA PVT LTD,2017,20
3W,SUZUKI MOTORCYCLE INDIA PVT LTD,2017,1
3W,TAFE LIMITED,2017,1
3W,TATA MOTORS LTD,2017,1
LMV,TATA MOTORS LTD,2017,3
MMV,TATA MOTORS LTD,2017,4
3W,TEREX CORPORATION,2017,6
3W,TERRA MOTORS INDIA PVT LTD,2017,893
3W,THUKRAL ELECTRIC BIKES PVT LTD,2017,1825
3W,TOP TEAM MACHINES PVT LTD,2017,58
LMV,TOYOTA KIRLOSKAR MOTOR PVT LTD,2017,12
3W,TRUPART AUTOMOTIVE INDIA PVT LTD,2017,2
3W,TSM ENGINEERING PVT LTD,2017,42
2W,TVS MOTOR COMPANY LTD,2017,69
3W,TVS MOTOR COMPANY LTD,2017,6
3W,TWINKLE TRADCOM PVT LTD,2017,357
3W,U P TELELINKS LTD,2017,135
3W,U.P. TELELINKS LIMITED,2017,791
3W,UMA  AUTO INDUSTRIES PVT. LTD,2017,23
3W,UNIC,2017,13
3W,UNICORN DIGITAL SYSTEMS PVT LTD,2017,1
3W,UNIQUE ENTERPRISES,2017,1
3W,UNIQUE INTERNATIONAL,2017,266
3W,UNITED TRANSMOVERS PVT LTD,2017,42
3W,V.T. ENGINEERING,2017,50
3W,V.T.ENGINEERING,2017,3
3W,V.V.A.AUTO INDUSTRIES PVT.LTD,2017,3
3W,VANI ELECTRIC VEHICLES PVT LTD,2017,211
3W,VAUXHALL MOTORS LTD,2017,3
3W,VE COMMERCIAL VEHICLES LTD,2017,12
3W,VEHICLE FACTORY JABALPUR,2017,22
3W,VENUS AUTO INDUSTRIES         ,2017,3
3W,VENUS AUTO WHEELS PVT LTD,2017,282
3W,VGLAN BUILDCON PRIVATE LIMITED,2017,10
3W,VGLAN BUILDCON PVT LTD,2017,8
LMV,VGLAN BUILDCON PVT LTD,2017,13
3W,VIBGYOR  VEHICLES LIMITED,2017,1
3W,VICTOR AGRO INDUSTRIES,2017,79
3W,VICTORIA E VEHICLES PVT. LTD,2017,59
3W,VICTORY ELECTRIC INTERNATIONAL,2017,1466
LMV,VICTORY ELECTRIC INTERNATIONAL,2017,3
3W,VIJAYALAKSHIMI ENGG WORKS,2017,1
LMV,VINAYAK INDUSTRIES,2017,11
LMV,VISHWAS TRAILER WELD WORK,2017,1
3W,VOLKSWAGEN INDIA PVT LTD,2017,1
LMV,VOLKSWAGEN INDIA PVT LTD,2017,1
3W,VOLMAC ENGINEERING PVT LTD,2017,26
LMV,VOLTAS LIMITED,2017,2
3W,VRINDA ENTERPRISES,2017,44
3W,VVA AUTO INDUSTRIES PVT LTD,2017,22
3W,WELCOME E RICKSHAW,2017,2
3W,WOX COOLERS PVT LTD,2017,26
3W,XPLORE AUTOMOTIVE PVT LTD,2017,62
3W,XXPLORE AUTOMATIVE PVT LTD,2017,49
3W,XXPLORE AUTOMOTIVE PVT. LIMITED,2017,86
3W,Y.C.ELECTRIC VEHICLE,2017,43
3W,YC ELECTRIC VEHICLE,2017,7434
3W,YC ELECTRIC VEHICLE PVT LTD,2017,30
3W,YEZDI MOTORS LTD,2017,2
3W,ZENIAK INNOVATION INDIA LTD,2017,605
3W,ZESAR MOTORS PVT LTD,2017,4
3W,"""VOLVO GROUP INDIA PVT LTD""",2018,12
2W,3GB TECHNOLOGY PVT LTD,2018,1
3W,A D AGRO WORKS,2018,1
3W,A K AUTTO ELECTRICAL,2018,56
3W,A K GUPTA & CO.,2018,625
3W,A P I MOTORS PVT LTD,2018,2
LMV,A R T WELDING WORKS,2018,2
3W,A.V.AUTOMOTIVES PVT LTD,2018,280
3W,A3T INCORPORTED,2018,85
LMV,A3T INCORPORTED,2018,75
3W,AADHYA ENTERPRISES,2018,4
3W,AADITYA EMOTORS INDIA PVT LTD,2018,179
LMV,AADITYA EMOTORS INDIA PVT LTD,2018,6
3W,ACCRETION POWER AUTOS,2018,240
3W,ADITYA AGRO INDUSTRIES,2018,3
3W,ADITYA SAI INDUSTRIES,2018,176
LMV,ADITYA SAI INDUSTRIES,2018,2
LMV,AKASH TRAILOR,2018,1
3W,ALBEDO VISION PVT LTD,2018,15
3W,ALLFINE INDUSTRIES PVT LTD,2018,763
3W,AMAN AUTOMOBILES,2018,41
3W,AMAN ELECTRIC VEHICLES,2018,69
LMV,AMMAN ENGINEERING COMPANY,2018,1
LMV,ANBU TRAILERS,2018,1
3W,ANJALI ENTERPRISES,2018,3
3W,ANJALI TRADERS,2018,75
LMV,ANJALI TRADERS,2018,1
3W,ANKUSH AUTO DEALS,2018,505
3W,APARNA AGRICO,2018,5
3W,APARNA INDUSTRIES,2018,182
3W,APM AUTO SALES,2018,78
3W,APSARA ENTERPRISE,2018,153
3W,ARCHIT ENTERPRISES,2018,153
3W,ARIHANT ENTERPRISES,2018,12
3W,ARMAN GREEN VEHICLES PVT LTD,2018,214
3W,ARNA ELECTRIC AUTO PVT LTD,2018,331
3W,ARROW AUTOMOTIVE,2018,64
3W,ASHA IMPEX,2018,21
3W,ASHWA ELECTRIC,2018,16
3W,ASIA BODY BUILDERS & MANUFACTURERS,2018,5
3W,ASTER AUTOMOTIVE PVT LTD,2018,7
2W,ATHER ENERGY PVT LTD,2018,24
3W,ATLAS COPCO INDIA LTD,2018,2
3W,ATR TECHNOSALES PRIVATE LIMITED,2018,9
3W,ATTOLENT AUTO GROUP PVT LTD,2018,660
3W,ATTOLENT AUTOGROUP PVT LTD,2018,31
3W,ATUL AUTO LTD,2018,492
LMV,ATUL AUTO LTD,2018,11
3W,ATUT SANGAM,2018,336
3W,AUTOCROLA INDIA LTD,2018,1
3W,AUTOHAUS PRIVATE LIMITED,2018,206
3W,AUTOLITE (INDIA) LIMITED,2018,216
3W,AVL ELECTRIC VEHICLES PVT LTD,2018,54
3W,AVON CYCLE LTD INDIA,2018,4
2W,AVON CYCLES LTD,2018,37
3W,AVON CYCLES LTD,2018,191
3W,BABA E RICKSHAW & C BATTERIES,2018,6
3W,BABA E-VEHICLES,2018,132
2W,BAJAJ AUTO LTD,2018,7
3W,BAJAJ AUTO LTD,2018,113
3W,BAJAJ IMPLEMENTS PVT LTD,2018,20
3W,BAJAJ IMPLEMENTS PVT. LTD,2018,283
3W,BAL GOPAL WHEELS PVT LTD,2018,87
3W,BALI AUTO INDUSTRIES,2018,295
3W,BATTERY RICKSHAW SANGH,2018,1
3W,BENGAL MOTORS,2018,1
3W,BENTINCK INDUSTRIES PVT. LTD.,2018,160
3W,BEST WAY AGENCIES PVT LTD,2018,2044
3W,BESTWAY AGENCIES PVT LTD,2018,11
3W,BIG BULL TRADER PVT LTD,2018,426
3W,BIJNOR ENTERPRISES,2018,24
LMV,BILAL TRAILORS,2018,4
LMV,BMW INDIA PVT LTD,2018,5
3W,BRIGHT AUTOZONE PVT LTD,2018,713
3W,BULL MACHINES PVT LTD,2018,3
3W,C M OVERSEAS,2018,10
3W,CAPARO AUTOTECH LIMITED,2018,44
3W,CART INDIA,2018,17
3W,CEEON INDIA,2018,928
3W,CHAMPION POLY PLAST,2018,3005
LMV,CHATELEC VEHICLES INDIA LTD,2018,1
3W,CHAUHAN AUTO INDUSTRIES,2018,17
3W,CHEHAK BATTERIES,2018,195
3W,CHIRAG ENTERPRISES,2018,19
3W,CITYGREEN AUTO & PETRO CHEMICALS (P) LTD,2018,395
3W,CLAAS INDIA P LTD,2018,1
3W,CLH GASEOUS FUEL APPL PVT LTD,2018,37
LMV,CLH GASEOUS FUEL APPL PVT LTD,2018,1
3W,CONTINENTAL ENGINES PVT LTD,2018,1
3W,CREATIVE ENGINEERINGS,2018,7
3W,DALIAN FORKLIFT CO.,2018,1
3W,DASHMESH TRADERS,2018,75
3W,DAVE EXIM PVT LTD,2018,854
3W,DD AUTO PVT LTD,2018,397
3W,DEEP DRAWN TECHNOLOGIES,2018,46
3W,DELTA AUTOCORP LLP,2018,330
3W,DELTEK ENTERPRISES PVT LTD,2018,192
3W,DEVAM ELECTRIC VEHICLES PVT LTD,2018,4
3W,DIAMOND E VEHICLES,2018,10
LMV,"DIAMOND ENGG,CTC",2018,1
3W,DILLI ELECTRIC AUTO PVT LTD,2018,3404
LMV,DILLI ELECTRIC AUTO PVT LTD,2018,7
3W,DIVANSHU AUTOMOBILES LIMITED,2018,18
3W,DIVANSU AUTOMOBILES LTD,2018,213
3W,DIVYA ENTERPRISES,2018,126
3W,DIWA GREEN TECHNOLOGY PVT LTD,2018,10
3W,DSF INDUSTRIES PVT LTD,2018,22
3W,DUCATI INDIA PVT LTD,2018,1
3W,DUCATI MOTOR HOLDING S.P.A,2018,1
3W,DUKE AUTO INDIA,2018,55
3W,DURABLE FLANGES PVT LTD,2018,1
3W,DYNAVOLT TECHNOLOGY INDIA LTD,2018,142
3W,DYS IMPEX PRIVATE LIMITED,2018,473
3W,DYS IMPEX PVT LTD,2018,2
3W,ECO SMART VEHICLES PVT LTD,2018,115
3W,ECO-FRIENDLY ELECTRIC VEHICLE PVT LTD,2018,61
3W,EEVEE ENGINEERING PVT LTD,2018,11
3W,ELECTRA INTERNATIONAL,2018,58
3W,ELECTRECA VEHICLES,2018,4
2W,ELECTROTHERM (I) LIMITED,2018,4
3W,ELECTROTHERM (I) LIMITED,2018,147
LMV,ELECTROTHERM (I) LIMITED,2018,1
2W,ELECTROTHERM (INDIA) LIMITED,2018,48
3W,ELECTROTHERM (INDIA) LIMITED,2018,1184
LMV,ELECTROTHERM (INDIA) LIMITED,2018,1
3W,ELITE AUTO ENGINEERS PVT LTD,2018,85
3W,E-MOTION AUTOMOTIVE INDUSTRY LLP,2018,61
3W,ENERGY ELECTRIC VEHICLES,2018,2606
3W,ENTICE IMPEX PVT LTD,2018,128
3W,EPOWER VEHICLES PVT LTD,2018,181
LMV,ESCORTS CONSTRUCTION EQUIPMENT LTD,2018,2
3W,ETHIRAJ AUTO UDYOG PVT LTD    ,2018,1
3W,EULER MOTORS PVT LTD,2018,49
3W,EVEX AUTO INDIA PVT LTD,2018,1
3W,EVOLUTION AUTOTECH,2018,10
3W,EXPO MACHINERY LTD,2018,1
3W,EXTRAMILE GAS TECH,2018,3
3W,EXTREME MOTORS,2018,200
3W,FIVE ELEMENTS,2018,30
3W,FORD INDIA PVT LTD,2018,1
LMV,FORD INDIA PVT LTD,2018,1
3W,G & G AUTOMOTIVE,2018,457
LMV,G & G AUTOMOTIVE,2018,1
3W,G WILLIAMS FABRICATIONS LTD,2018,44
3W,G.K. RICKSHAW,2018,1626
3W,GAYATRI ELECTRIC VEHICLES,2018,117
3W,GILL AGRICULTURE WORKS,2018,4
3W,GKON ELECTRIC MOTOR VEHICLES PVT LTD,2018,565
3W,GODAWARI TECHNO SOLUTIONS PVT LTD,2018,1
LMV,GODREJ AND BOYCE MFG CO LTD,2018,1
3W,GOENKA ELECTRIC MOTOR VEH P L,2018,9
LMV,GOENKA ELECTRIC MOTOR VEH P L,2018,15
3W,GOENKA ELECTRIC MOTOR VEHICLES PVT LTD,2018,506
LMV,GOENKA ELECTRIC MOTOR VEHICLES PVT LTD,2018,1
3W,GOOD ENERGY INDIA,2018,2
3W,GOOD WILL HI PRECISION,2018,3
3W,GOODENERGY INDIA PVT LTD,2018,5
3W,GOODWILL HI PRECISION WORKS PVT LTD,2018,59
3W,GOPAL AUTO MOTORS PVT LTD,2018,277
3W,GRD MOTORS,2018,241
3W,GREEN IMPEX,2018,246
3W,GREEN KAIKETSU AUTOMATIVE IND,2018,10
3W,GREEN KAIKETSU AUTOMOTIVE INDIA PVT LTD,2018,140
3W,GREEN STAR MOTORS,2018,8
LMV,GREEN STAR MOTORS,2018,1
3W,GREEN TECHNOLOGIES,2018,570
3W,GREEN VALLEY MOTORS,2018,220
LMV,GREEN VALLEY MOTORS,2018,1
3W,GREEN WHEELZ (INDIA),2018,131
3W,GREEN WORLD MOTORS PVT LTD,2018,10
3W,GREENTECH AUTO LLP,2018,8
3W,GREENWHEELS AUTOMOBILE PVT LTD,2018,98
3W,GURDEEP ENGINEERING WORKS,2018,1
3W,GURJEET AGRO INDUSTRIES,2018,2
3W,GURUKIRPA INDUSTRIES,2018,251
3W,H. D. AUTOMOTIVES,2018,1
3W,HAARISH AUTOMOTIVES (OPC) PRIVATE LIMITED,2018,77
3W,HARSH TRADING CO,2018,297
3W,HERCULES CRANE PVT.LTD.,2018,16
2W,HERO ECO VEHICLES PVT LTD,2018,17
2W,HERO ELECTRIC VEHICLE PVT LTD,2018,616
3W,HERO ELECTRIC VEHICLE PVT LTD,2018,5
2W,HERO ELECTRIC VEHICLES PVT. LTD,2018,5785
3W,HERO ELECTRIC VEHICLES PVT. LTD,2018,47
2W,HERO HONDA MOTORS  LTD,2018,1
2W,HERO MOTOCORP LTD,2018,39
3W,HERO MOTOCORP LTD,2018,62
3W,HIM TEKNOFORGE LTD,2018,46
3W,HIND AGRO INDUSTRIES,2018,1
3W,HINDUSTAN MOTOR CORPORATION,2018,48
LMV,HINDUSTAN MOTOR FINANCE CORPORATION LIMITED,2018,1
3W,HITECH  MECHANICAL WORKS,2018,6
3W,HITECH INDUSTRIES,2018,3
3W,HI-TECH INDUSTRIES,2018,257
3W,HITEK ELECTRIC AUTO CO,2018,155
2W,HONDA CARS INDIA LTD,2018,4
LMV,HONDA CARS INDIA LTD,2018,1
2W,HONDA MOTORCYCLE AND SCOOTER INDIA (P) LTD,2018,19
3W,HOOGHLY MOTORS PVT LTD,2018,1216
3W,HOTAGE INDIA,2018,1168
3W,HOVEL CYLINDER PVT LTD,2018,676
3W,HUNDAL INDUSTRIES,2018,256
LMV,HYUNDAI MOTOR INDIA LTD,2018,1
2W,INDIA YAMAHA MOTOR PVT LTD,2018,2
3W,INDIA YAMAHA MOTOR PVT LTD,2018,7
3W,INDIAN MOTORS,2018,5
LMV,INTERNATIONAL TRACTORS LIMITED,2018,2
3W,J P AUTO TECH,2018,17
3W,J S AGRO INDUSTRIES,2018,1
3W,J. S. AUTO (P) LTD,2018,2921
3W,J.S.AUTO PVT LTD (KANPUR),2018,3
3W,JADE KOREA SPINE LIFE,2018,69
3W,JAGUAR LAND ROVER INDIA LIMITED,2018,6
3W,JAIDKA POWER SYSTEMS PVT LTD,2018,157
3W,JAIN POWER CORP,2018,39
3W,JAJODIA COMMODITIES PVT LTD,2018,779
3W,JAY ACE TECHNOLOGIES LTD,2018,26
3W,JAYDEV ENTERPRISE,2018,55
3W,JCB INDIA LTD,2018,9
3W,JEMCO ENGINEERING PVT LTD,2018,3
3W,JESSUN TECHNO PVT LTD,2018,174
3W,JIJO ELECTRIC WHEELS PVT LTD,2018,471
3W,JINDAL ELECTRIC VEHICLES,2018,3
3W,JITENDRA NEW EV-TECH PVT. LTD,2018,1
LMV,JITENDRA NEW EV-TECH PVT. LTD,2018,3
LMV,JOHN DEERE INDIA  PVT LTD(TRACTOR DEVISION),2018,2
3W,JS MOBILEON PVT LTD,2018,283
3W,JUNO CASTINGS PVT LTD,2018,238
LMV,JUNO CASTINGS PVT LTD,2018,1
3W,K T ENTERPRISES,2018,52
3W,KABMAX ELECTRIC AUTOMOBILES PVT. LTD,2018,62
3W,KALIKA VAHAN PVT LTD,2018,55
3W,KALINGA VENTURES IND P,2018,5
3W,KALINGA VENTURES INDIA PVT LTD,2018,96
LMV,KALINGA VENTURES INDIA PVT LTD,2018,58
3W,KALPVRIKSH ELECTOMOBILES CO,2018,1
3W,KAMAZ INDUSTRIES,2018,6
3W,KAPTECH INDIA PVT LTD,2018,205
3W,KARTAR AGRO ENGINEERS PVT LTD,2018,1
3W,KELVINATOR INDIA LTD          ,2018,1
LMV,KGN INDUSTRIES,2018,1
3W,KHALSA  AGRO INDUSTRIES,2018,11
3W,KHALSA E-VEHICLES PVT LTD,2018,1299
3W,KHEMRAJ AUTOMOTIVE INDUSTRIES,2018,177
3W,KINETIC GREEN ENERGY & POWER SOLUTIONS LTD,2018,1374
LMV,KINETIC GREEN ENERGY & POWER SOLUTIONS LTD,2018,3
3W,KINETIC GREEN ENERGY P SOL LTD,2018,68
3W,KINETIC MOTOR COMPANY LIMITED,2018,13
3W,KIRTI SOLAR LTD,2018,287
3W,KLB KOMAKI PVT LTD,2018,77
3W,KNIGHT QUEEN INDUSTRIES PVT LTD,2018,4
3W,KPT INDUSTRIES LTD,2018,14
3W,KRANTI AUTOMOBILES LTD,2018,1
3W,KRANTI INTERNATIONAL,2018,10
3W,KRISHI ENGINEERING WORKS,2018,1
3W,KRISHNA ENGINEERING WORKS,2018,394
LMV,KRISHNA ENGINEERING WORKS,2018,2
3W,KRISHNA VEHICALS,2018,125
3W,KUKU AUTOMOTIVES,2018,348
3W,LAUNCHER MATERIAL HANDLING INDUSTRIES,2018,2
3W,LAWAT MOTORS LLP,2018,144
3W,LAXMI E-RICKSHAW COMPANY,2018,16
MMV,LIUGONG INDIA PVT. LTD,2018,1
3W,LML LIMITED,2018,3
3W,LOHIA AUTO INDUSTRIES,2018,666
LMV,LOHIA AUTO INDUSTRIES,2018,5
3W,LOHIA AUTO INDUSTRIES LTD.,2018,165
3W,LOTEY AGRO INDUSTRY,2018,3
3W,LOTIA  MOTORS  LTD,2018,1
3W,M G INDUSTRIES,2018,11
3W,M K ENTERPRISES,2018,16
3W,M.K. ENTERPRISES,2018,487
3W,M/S CHAMPION POLY PLAST,2018,66
LMV,M/S CHAMPION POLY PLAST,2018,11
3W,M/S HOVEL CYLINDER PVT LTD,2018,45
LMV,M/S HOVEL CYLINDER PVT LTD,2018,1
3W,M/S SHRIRAM AUTO TECH PVT LTD,2018,2250
LMV,M/S SHRIRAM AUTO TECH PVT LTD,2018,18
3W,MAA SHAKTI EXIM PVT LTD,2018,2033
LMV,MAA SHAKTI EXIM PVT LTD,2018,1
3W,MAC AUTO INDIA,2018,431
LMV,MAC AUTO INDIA,2018,1
3W,MAHI ENTERPRISES,2018,22
LMV,MAHI ENTERPRISES,2018,1
2W,MAHINDRA & MAHINDRA LIMITED,2018,1
3W,MAHINDRA & MAHINDRA LIMITED,2018,4150
LMV,MAHINDRA & MAHINDRA LIMITED,2018,974
LMV,MAHINDRA & MAHINDRA LIMITED (SWARAJ DIVISION),2018,1
3W,MAHINDRA & MAHINDRA LIMITED (TRACTOR),2018,3
2W,MAHINDRA ELECTRIC MOBILITY LIMITED,2018,1
3W,MAHINDRA ELECTRIC MOBILITY LIMITED,2018,35
LMV,MAHINDRA ELECTRIC MOBILITY LIMITED,2018,461
3W,MAHINDRA NAVISTAR  AUTOMOTIVES LTD,2018,6
LMV,MAHINDRA RENAULT PVT.LTD.,2018,1
3W,MALHOTRA  VEHICLE MANUFACTURING PVT LTD,2018,47
3W,MALI ENTERPRISES PVT LTD,2018,107
3W,MANIRAM ELECTRIC VEHICLE PVT LTD,2018,16
3W,MANITA CITY MOTORS LLP,2018,8
LMV,MARUTI SUZUKI INDIA LTD,2018,2
3W,MINI METRO,2018,148
3W,MINI METRO EV L.L.P,2018,2513
LMV,MINI METRO EV L.L.P,2018,1
3W,MOHAN GENERAL TRADING COMPANY,2018,17
3W,MOTOR & GENERAL SALES PVT LTD,2018,102
3W,MOTRAC MOTORS PVT LTD,2018,128
3W,MULTI DIMENSIONAL SOLUTIONS,2018,5
3W,N0VA AUTOMOTIVE TECHNOLOGIES PVT. LTD,2018,291
3W,NABH MOTORS PVT LTD,2018,86
3W,NAMAH INDUSTRIES PVT LTD,2018,6
3W,NAND ELECTRIC MOTOR VEHICLE PVT LTD,2018,13
3W,NANNHRAY AGIRCULTURE WORKS,2018,6
3W,NANYA AIRCONN PVT LTD,2018,7
3W,NARAINDASS AND SONS,2018,34
3W,NB TURNED  COMPONENTS PVT LTD,2018,29
LMV,NB TURNED  COMPONENTS PVT LTD,2018,1
2W,NDS ECO MOTORS PVT LTD,2018,48
3W,NEEDLE EYE PLASTIC INDUSTRIES PVT LTD,2018,573
LMV,NEEDLE EYE PLASTIC INDUSTRIES PVT LTD,2018,5
3W,NEELAM AGRO EQUIP,2018,1
3W,NEW ARCANA INDIA,2018,361
3W,NEW HOLLAND CONSTRUCTION EQUIPMENT(I) PVT.LTD.,2018,3
LMV,NEW MARTHWADA QUALITY TRAILOR,2018,1
3W,NEXZU MOBILITY PVT LTD,2018,1
3W,NHD MOTORS,2018,125
2W,NIC TEST ACCOUNT-1,2018,10
3W,NIC TEST ACCOUNT-1,2018,568
3W,NIKHIL FURNITURES,2018,205
3W,NIPUN SANYANTRA PVT LTD,2018,1
3W,NIRMAL UTILITY SERVICES PVT LTD,2018,128
3W,NRJ ELECTRIC MOTOR VEHICLES PVT LTD,2018,102
3W,OK PLAY INDIA LTD,2018,468
2W,OKA MOTOR COMPANY LTD.,2018,2
2W,OKINAWA AUTOTECH PVT LTD,2018,8452
LMV,OKINAWA AUTOTECH PVT LTD,2018,1
MMV,OLECTRA GREENTECH LTD,2018,1
3W,OLYMPUS INDUSTRIES PVT LTD,2018,3
MMV,OLYMPUS INDUSTRIES PVT LTD,2018,1
3W,OM BALAJEE AUTOMOBILE ( INDIA) PVT. LTD,2018,1701
3W,OM BALAJI AUTOMOBILES I P LTD,2018,145
3W,OM INDUSTRIES,2018,35
3W,OM PACKAGING,2018,4
3W,OM RAJ AUTOTECH LLP,2018,27
2W,ORIGINAL FUEL SYSTEM PVT LTD,2018,1
3W,ORIGINAL FUEL SYSTEM PVT LTD,2018,22
2W,OTHERS,2018,1929
3W,OTHERS,2018,1687
LMV,OTHERS,2018,560
MMV,OTHERS,2018,2
3W,PAARTH SARTHI AUTOMOTIVE ENGINEERS PVT LTD,2018,19
3W,PACE AGRO PRIVATE LIMITED,2018,138
LMV,PACE AGRO PRIVATE LIMITED,2018,1
3W,PACE AGRO PVT LTD,2018,44
3W,PARI E-VEHICLES,2018,210
3W,PARI METRO E RICKSHAW,2018,219
3W,PASHUPATI NATH MOTORS PVT LTD,2018,14
3W,PASHUPATI VEHICLE PVT. LTD.,2018,3
3W,PASHUPATI VEHICLES PVT LTD,2018,17
3W,PATS MOTOR CORP,2018,9
3W,PIAGGIO VEHICLES PVT LTD,2018,11
3W,PLAUDIT TECHNO INDIA PVT LTD,2018,503
3W,PRAAKARM AUTO & CONSTRUCTION EQUIPMENTS,2018,35
3W,PRAG MOTORS,2018,5
3W,PRAKASH ENTERPRISES,2018,2
3W,PRESTANTIA CREATIONS PVT LTD,2018,23
3W,PUBANG ETRON ELECTRIC MOTOR PVT LTD,2018,1013
3W,RAHUL AGRO EXPORTS PVT LTD,2018,90
3W,RAJ AUTOMOTIVE,2018,18
3W,RAJESH STEEL AND WIRE INDUSTRIES,2018,148
LMV,RAJESH STEEL AND WIRE INDUSTRIES,2018,1
3W,RAJIV RAJ VEHICLES PVT LTD,2018,46
3W,RAMON INDUSTRIES,2018,133
3W,RASANDIK ENGINEERING INDUSTRIES INDIA LTD,2018,129
3W,RASANDIK MOTORS PVT LTD,2018,2
3W,RASIWASIA RASAYAN PVT LTD,2018,22
3W,RAYON ENGINEERS,2018,135
3W,REEP INDUSTRIES PVT LTD,2018,19
3W,REFLEX CONTROL SYSTEM PVT,2018,7
3W,REFLEX CONTROL SYSTEM PVT .LTD,2018,197
3W,REPUBLIC MOTORS,2018,84
3W,REPUBLIC PVT.LTD.,2018,1
LMV,REVA ELECTRIC CAR CO,2018,19
3W,RIYA ENTERPRISE,2018,1
3W,ROARLEO MOTOR PVT LTD,2018,59
2W,ROYAL-ENFIELD (UNIT OF EICHER LTD),2018,1
3W,RSD SECURITY SOLUTIONS PVT LTD,2018,270
3W,RUTBA PRODUCT PVT LTD,2018,328
3W,S AND J INDUSTRIES,2018,79
3W,S E ASIA CO,2018,1
3W,S S GLOBAL,2018,45
3W,S.P. ELECTRONICS,2018,6
3W,S.S.AGRO TECH,2018,1
3W,S.V AUTOMOTIVE,2018,209
3W,SAERA ELECTRIC AUTO PVT LTD,2018,3226
LMV,SAERA ELECTRIC AUTO PVT LTD,2018,2
3W,SAKSHAM TECH AUTO,2018,2
3W,SAKSHAM TECH AUTOMOBILES,2018,55
3W,SAKSHAM TRADING COMPANY,2018,354
3W,SAMRAT ELECTRIC VEHICLE,2018,13
3W,SATHI MOTORS ELECTRIC VEHICLE PVT LTD,2018,233
3W,SAURYAA SHARYO CORPORATION,2018,2
3W,SEN AND PANDIT VOLTAGE CONTROL PVT LTD,2018,40
3W,SETH INDUSTRIAL CORPORATION,2018,32
3W,SETHJI INDUSTRIES,2018,50
3W,SGLLINE MOTORS PVT LTD,2018,63
3W,SHAKTI AUTO GREEN,2018,155
3W,SHERA ELECTRICAL AUTO PVT LTD,2018,20
3W,SHIGAN EVOLTZ LTD,2018,565
LMV,SHIGAN EVOLTZ LTD,2018,1
3W,SHINE METAL UDYOG PVT LTD,2018,9
3W,SHINE METAL UDYOG PVT LTD (UNIT- II),2018,92
3W,SHIV OM INDIA,2018,582
3W,SHREE MARUTI NANDAN BUSINESSS (P) LTD,2018,33
3W,SHREE SIRIDI SAI MINERAL & EXPORTS PVT. LTD,2018,39
3W,SHREYA ENGINEERS,2018,2
LMV,SHRI ABIRAMI TRAILERS,2018,8
3W,SHRI BALAJI ENTERPRISES,2018,175
3W,SHRI BARSANA E-VEHICLES PVT LTD,2018,575
LMV,SHRI CHINNAMMAN ENGG. WORKS    ,2018,1
LMV,SHRI GANAPATHY ENGG. WORKS,2018,1
LMV,SHRI LAKSHMI LATHE WORKS,2018,5
3W,SHRI NAMO ELECTRIC AUTOMOTIVE,2018,238
3W,SHRI RAM AUTO TECH PVT LTD,2018,26
3W,SHRI RAM AUTOMOBILES,2018,2
3W,SHRI RAM INDUSTRIES,2018,1
LMV,SHRI VENKATESHWARA TRAILOR,2018,1
3W,SHRIRAJ ELECTRIC VEHICLES,2018,40
3W,SIARSA ELECTRICALS PVT LTD,2018,28
LMV,SIDHI DURGA ENGINEERING,2018,2
3W,SINGHAL ENTERPRISES,2018,96
3W,SIRF INDIA VEHICLES PVT LTD,2018,24
3W,SIWACH STEEL PVT LTD,2018,331
3W,SKS TRADE INDIA PVT LTD,2018,770
3W,SKYRIDE AUTOMOTIVE,2018,285
3W,SMART ELECTRO MOTORS,2018,23
3W,SN SOLAR ENERGY,2018,61
3W,SONI E VEHICLE PVT LTD,2018,380
3W,SONI E VEHICLES PVT LTD,2018,13
3W,SPEEDWAYS ELECTRIC,2018,64
3W,SPEEGO VEHICLES CO PVT LTD,2018,900
3W,SPEEGO VEHICLES PVT. LTD,2018,15
3W,SRD RENEWABLES,2018,5
3W,SSB INDISTRIES,2018,141
3W,STAR BULL E MOTORS,2018,185
3W,SUCCESSPATH MARKETING PVT LTD,2018,6
3W,SUGANJI RARA ELECTRIC VEHICLE PVT LTD,2018,2
3W,SUMFONL AUTO TRADERS PVT LTD,2018,197
3W,SUN MOTORS,2018,4
2W,SUPERECO AUTOMOTIVE CO,2018,1
3W,SUPERECO AUTOMOTIVE CO,2018,700
3W,SUPERECO AUTOMOTIVE CO LLP,2018,5
3W,SUPERTECH EV LIMITED,2018,111
2W,SUZUKI MOTORCYCLE INDIA PVT LTD,2018,2
3W,SWADESHI INDUSTRIES,2018,19
3W,T U K INDUSTRIES,2018,2
LMV,TAFE LIMITED,2018,1
3W,TAMILNADU MOPEDS LTD,2018,1
LMV,TATA MOTORS LTD,2018,144
MMV,TATA MOTORS LTD,2018,4
3W,TEJASGREEN AUTOMOTIVE PVT LTD,2018,24
3W,TEREX CORPORATION,2018,1
3W,TERRA MOTORS INDIA PVT LTD,2018,2704
3W,THUKRAL ELECTRIC BIKES PVT LTD,2018,2850
3W,TOP TEAM MACHINES PVT LTD,2018,919
3W,TOYOTA KIRLOSKAR MOTOR PVT LTD,2018,1
LMV,TOYOTA KIRLOSKAR MOTOR PVT LTD,2018,28
3W,TRISHIKA INDUSTRIES,2018,11
3W,TRUPART AUTOMOTIVE INDIA PVT LTD,2018,71
3W,TRUZ INDUSTRIES,2018,5
3W,TSM ENGINEERING PVT LTD,2018,47
2W,TVS MOTOR COMPANY LTD,2018,23
3W,TVS MOTOR COMPANY LTD,2018,3
3W,TWINKLE TRADCOM PVT LTD,2018,356
3W,TWO FRIENDS AUTO ELECTRIC CO,2018,260
3W,U P TELELINKS LTD,2018,1
3W,U V MOTORS INDIA PVT LTD,2018,45
3W,U.P. TELELINKS LIMITED,2018,581
3W,UMA  AUTO INDUSTRIES PVT. LTD,2018,126
3W,UMA AUTO INDUSTRIES PVT LTD,2018,6
3W,UMA MOTORS,2018,26
3W,UNICORN DIGITAL SYSTEMS PVT LTD,2018,2
3W,UNIQUE ENTERPRISES,2018,174
3W,UNIQUE INTERNATIONAL,2018,1515
3W,UNITED TRANSMOVERS PVT LTD,2018,657
3W,UNIVERSAL LTD,2018,3
3W,V.T. ENGINEERING,2018,258
3W,V.T.ENGINEERING,2018,1
3W,V.V.A.AUTO INDUSTRIES PVT.LTD,2018,113
3W,VANI ELECTRIC VEHICLES PVT LTD,2018,1996
3W,VARIOUS INNOVATIVE SYSTEMS HYBRID NANO UTILITIES,2018,1
MMV,VE COMMERCIAL VEHICLES LTD,2018,3
3W,VEECTERO E VEHICLES LLP,2018,9
3W,VENUS AUTO WHEELS PVT LTD,2018,329
3W,VGLAN BUILDCON PRIVATE LIMITED,2018,8
3W,VGLAN BUILDCON PVT LTD,2018,4
LMV,VGLAN BUILDCON PVT LTD,2018,15
3W,VICTOR AGRO INDUSTRIES,2018,7
3W,VICTORIA E VEHICLES PVT. LTD,2018,59
3W,VICTORY ELECTRIC INTERNATIONAL,2018,2381
LMV,VICTORY ELECTRIC INTERNATIONAL,2018,1
3W,VIMAL UNIVERSAL TRADE PVT LTD,2018,74
3W,VISHWAKARMA GNG INDUSTRY,2018,35
3W,VOLMAC ENGINEERING PVT LTD,2018,30
3W,VOLTAIC INDUSTRIES PVT LTD,2018,21
3W,VRINDA ENTERPRISES,2018,151
3W,VVA AUTO INDUSTRIES PVT LTD,2018,5
3W,WELCOME E RICKSHAW,2018,1
3W,WELKIN HEALTHCARE PVT LTD,2018,25
3W,WOX COOLERS PVT LTD,2018,61
3W,XPLORE AUTOMOTIVE PVT LTD,2018,3
3W,XXPLORE AUTOMATIVE PVT LTD,2018,15
3W,XXPLORE AUTOMOTIVE PVT. LIMITED,2018,87
3W,Y.C.ELECTRIC VEHICLE,2018,46
3W,YC ELECTRIC VEHICLE,2018,10816
3W,YC ELECTRIC VEHICLE PVT LTD,2018,14
3W,YUVRAJ INTERNATIONAL,2018,71
LMV,YUVRAJ INTERNATIONAL,2018,1
3W,ZBEE INDIA PVT LTD,2018,16
3W,ZENIAK INNOVATION INDIA LTD,2018,789
3W,ZESAR MOTORS PVT LTD,2018,12
3W,3S INDUSTRIES PRIVATE LIMITED,2019,48
LMV,3S INDUSTRIES PRIVATE LIMITED,2019,3
3W,A K AUTTO ELECTRICAL,2019,42
3W,A K GUPTA & CO.,2019,438
3W,A P I MOTORS PVT LTD,2019,28
3W,A.V.AUTOMOTIVES PVT LTD,2019,452
3W,A3T INCORPORTED,2019,41
3W,AADHYA ENTERPRISES,2019,6
3W,AADITYA EMOTORS INDIA PVT LTD,2019,10
3W,AADITYA GARBAGE PRODUCTS PVT LTD,2019,13
LMV,AADITYA GARBAGE PRODUCTS PVT LTD,2019,1
3W,AASHI INDIA AUTOMOBILES PVT LTD,2019,1
3W,ACCRETION POWER AUTOS,2019,315
3W,ADAPT MOTORS PVT LTD,2019,6
3W,ADIDEV TECHNOA PVT LTD,2019,8
3W,ADITYA ENTERPRISES,2019,1
3W,ADITYA SAI INDUSTRIES,2019,296
3W,AGRAWAL RENEWABLE ENERGY PVT LTD,2019,2
3W,AKASH AGRO INDUSTRIES,2019,1
3W,AKSMD RECHARGEABLE VEHICLES PVT LTD,2019,1
3W,ALBEDO VISION PVT LTD,2019,6
3W,ALLFINE INDUSTRIES PVT LTD,2019,1737
3W,ALTIER ELECTRIC VEHICLES PVT LTD,2019,177
3W,ALTIUS TECHNOLOGIES,2019,79
3W,AMAN AUTOMOBILES,2019,53
3W,AMAN ELECTRIC VEHICLES,2019,20
3W,AMBIKA INDUSTRIES,2019,427
2W,AMPERE VEHICLES PRIVATE LIMITED,2019,1196
2W,AMPERE VEHICLES PVT LTD,2019,6
3W,ANJALI TRADERS,2019,118
3W,ANKUSH AUTO DEALS,2019,287
3W,APARNA INDUSTRIES,2019,190
3W,APM AUTO SALES,2019,267
3W,APSARA ENTERPRISE,2019,276
3W,ARCHIT ENTERPRISES,2019,251
3W,ARIHANT ENTERPRISES,2019,8
3W,ARMAN GREEN VEHICLES PVT LTD,2019,99
3W,ARNA ELECTRIC AUTO PVT LTD,2019,308
3W,ARROW AUTOMOTIVE,2019,393
3W,ASHA IMPEX,2019,2
3W,ASHWA ELECTRIC,2019,1
2W,ATHER ENERGY PVT LTD,2019,2291
3W,ATR TECHNOSALES PRIVATE LIMITED,2019,5
3W,ATTOLENT AUTO GROUP PVT LTD,2019,492
3W,ATTOLENT AUTOGROUP PVT LTD,2019,2
3W,ATUL AUTO LTD,2019,510
3W,ATUT SANGAM,2019,139
3W,AUTOHAUS PRIVATE LIMITED,2019,329
3W,AUTOLITE (INDIA) LIMITED,2019,571
3W,AVL ELECTRIC VEHICLES PVT LTD,2019,717
LMV,AVL ELECTRIC VEHICLES PVT LTD,2019,1
3W,AVON CYCLE LTD INDIA,2019,1
2W,AVON CYCLES LTD,2019,1
3W,AVON CYCLES LTD,2019,342
3W,AXCEED INDUSTRIES (OPC) PVT LTD,2019,6
3W,BABA E-VEHICLES,2019,145
2W,BAJAJ AUTO LTD,2019,7
3W,BAJAJ AUTO LTD,2019,21
3W,BAJAJ IMPLEMENTS PVT. LTD,2019,211
3W,BAL GOPAL WHEELS PVT LTD,2019,94
LMV,BAL GOPAL WHEELS PVT LTD,2019,1
3W,BALI AUTO INDUSTRIES,2019,315
3W,"BASUDEB ENGINEERING, CUTTACK",2019,1
3W,BENTINCK INDUSTRIES PVT. LTD.,2019,122
3W,BEST WAY AGENCIES PVT LTD,2019,2312
3W,BESTWAY AGENCIES PVT LTD,2019,8
3W,BHAVE ELECTRIC VEHICLES PVT LTD,2019,2
3W,BIG BULL TRADER PVT LTD,2019,565
3W,BIJNOR ENTERPRISES,2019,10
3W,BRIGHT AUTOZONE PVT LTD,2019,708
3W,C M OVERSEAS,2019,16
3W,CAPARO AUTOTECH LIMITED,2019,4
3W,CART INDIA,2019,123
3W,CEEON INDIA,2019,687
3W,CHAMPION POLY PLAST,2019,4215
3W,CHARUVIKRAM AUTOMOBILE PVT LTD,2019,84
3W,CHAUHAN AUTO INDUSTRIES,2019,121
3W,CHEHAK BATTERIES,2019,80
3W,CHIRAG ENTERPRISES,2019,4
3W,CITADEL ENTERPRISES(OPC) PVT LTD,2019,24
3W,CITYGREEN AUTO & PETRO CHEMICALS (P) LTD,2019,429
3W,CLH GASEOUS FUEL APPL PVT LTD,2019,11
3W,CONTINENTAL ENGINES PVT LTD,2019,1
3W,CREATIVE ENGINEERINGS,2019,21
3W,CYRUS AUTO INDUSTRIES PVT LTD,2019,2
3W,D S INDUSTRIES,2019,11
3W,DASHMESH TRADERS,2019,149
3W,DAVE EXIM PVT LTD,2019,1031
3W,DD AUTO PVT LTD,2019,222
3W,DE EUSI MOTORS PVT LTD.,2019,119
3W,DEEP DRAWN TECHNOLOGIES,2019,12
3W,DEEPTI SMART MOBILITY PVT LTD,2019,1
3W,DELTA AUTOCORP LLP,2019,896
3W,DELTEK ENTERPRISES PVT LTD,2019,106
3W,DHAR INTERNATIONAL,2019,163
3W,DIAMOND E VEHICLES,2019,2
3W,DILLI ELECTRIC AUTO PVT LTD,2019,3954
LMV,DILLI ELECTRIC AUTO PVT LTD,2019,2
3W,DIVANSHU AUTOMOBILES LIMITED,2019,10
3W,DIVANSU AUTOMOBILES LTD,2019,96
3W,DIVYA AUTOMOBILES,2019,45
3W,DIVYA ENTERPRISES,2019,355
3W,DIWA GREEN TECHNOLOGY PVT LTD,2019,6
3W,DSF INDUSTRIES PVT LTD,2019,72
3W,DUKE AUTO INDIA,2019,271
3W,DUKEMOTO MOTORS PVT LTD,2019,11
3W,DURABLE FLANGES PVT LTD,2019,7
3W,DYNAVOLT TECHNOLOGY INDIA LTD,2019,48
3W,DYS IMPEX PRIVATE LIMITED,2019,1150
3W,E-ASHWA AUTOMOTIVE PVT LTD,2019,3
3W,ECO SMART VEHICLES PVT LTD,2019,58
3W,ECO-FRIENDLY ELECTRIC VEHICLE PVT LTD,2019,147
3W,ECOYAN ELECTRIC MOTOR VEHICLES PVT LTD,2019,7
3W,ECOYAN ELECTRIC MOTORS VEHICLE PVT LTD,2019,2
3W,EDMRC MANNSCHAFT LLP,2019,16
3W,EEVEE ENGINEERING PVT LTD,2019,13
2W,EICHER POLARIS PVT. LTD.,2019,1
3W,ELECTRA INTERNATIONAL,2019,23
2W,ELECTRECA VEHICLES,2019,2
3W,ELECTRECA VEHICLES,2019,181
3W,ELECTROTHERM (I) LIMITED,2019,10
2W,ELECTROTHERM (INDIA) LIMITED,2019,2
3W,ELECTROTHERM (INDIA) LIMITED,2019,270
3W,ELEPHANTA INDUSTRIES PVT LTD,2019,53
3W,ELITE AUTO ENGINEERS PVT LTD,2019,16
3W,E-MOTION AUTOMOTIVE INDUSTRY LLP,2019,11
3W,ENERGY ELECTRIC VEHICLES,2019,2407
3W,ENTICE IMPEX PVT LTD,2019,101
3W,EPOWER VEHICLES PVT LTD,2019,160
3W,EULER MOTORS PVT LTD,2019,143
3W,EVEX AUTO INDIA PVT LTD,2019,67
3W,EVOLUTION AUTOTECH,2019,3
3W,EXIDE INDUSTRIES LTD,2019,1
3W,EXTRAMILE GAS TECH,2019,4
3W,EXTREME MOTORS,2019,111
3W,FIVE ELEMENTS,2019,15
3W,G & G AUTOMOTIVE,2019,688
3W,G WILLIAMS FABRICATIONS LTD,2019,68
3W,G.K. RICKSHAW,2019,2257
3W,GAURI AUTO INDIA PVT. LTD,2019,15
3W,GAYAM MOTOR WORKS PRIVATE LIMITED,2019,10
3W,GAYATRI ELECTRIC VEHICLES,2019,195
3W,GENERAL AGENCIES(KOLKATA) PVT LTD,2019,9
3W,GEO ALLIANCE,2019,1
3W,GKON ELECTRIC MOTOR VEHICLES PVT LTD,2019,472
LMV,GKON ELECTRIC MOTOR VEHICLES PVT LTD,2019,1
3W,GOBIND INDUSTRIES PVT LTD,2019,7
3W,GODAWARI TECHNO SOLUTIONS PVT LTD,2019,93
3W,GOENKA ELECTRIC MOTOR VEHICLES PVT LTD,2019,693
3W,GOOD ENERGY INDIA,2019,3
3W,GOODWILL HI PRECISION WORKS PVT LTD,2019,53
3W,GOPAL AUTO MOTORS PVT LTD,2019,262
2W,GOREEN E-MOBILITY PVT LTD,2019,1
3W,GRAM TARANG EMPLOYABILITY TRAINNING SERVICES P LTD,2019,51
3W,GRD MOTORS,2019,1628
3W,GREEN IMPEX,2019,182
3W,GREEN KAIKETSU AUTOMATIVE IND,2019,4
3W,GREEN KAIKETSU AUTOMOTIVE INDIA PVT LTD,2019,146
3W,GREEN SHUTTLE TECHNOLOGY PVT LTD,2019,18
3W,GREEN TECHNOLOGIES,2019,543
3W,GREEN VALLEY MOTORS,2019,89
3W,GREEN WHEELZ (INDIA),2019,15
3W,GREEN WORLD MOTORS PVT LTD,2019,2
3W,GREENTECH AUTO LLP,2019,19
3W,GREENWHEELS AUTOMOBILE PVT LTD,2019,201
3W,GRG SMART VEHICLE PVT LTD,2019,4
3W,GURUKIRPA INDUSTRIES,2019,383
3W,H. D. AUTOMOTIVES,2019,9
3W,HAARISH AUTOMOTIVES (OPC) PRIVATE LIMITED,2019,105
3W,HARSH TRADING CO,2019,231
2W,HERO ECO VEHICLES PVT LTD,2019,8
2W,HERO ELECTRIC VEHICLE PVT LTD,2019,664
2W,HERO ELECTRIC VEHICLES PVT. LTD,2019,11155
3W,HERO ELECTRIC VEHICLES PVT. LTD,2019,15
2W,HERO HONDA MOTORS  LTD,2019,1
2W,HERO MOTOCORP LTD,2019,33
3W,HIM TEKNOFORGE LTD,2019,85
3W,HINDUSTAN MOTOR CORPORATION,2019,192
LMV,HINDUSTAN MOTOR CORPORATION,2019,1
3W,HITECH  MECHANICAL WORKS,2019,1
3W,HI-TECH INDUSTRIES,2019,131
3W,HITEK ELECTRIC AUTO CO,2019,108
2W,HONDA MOTORCYCLE AND SCOOTER INDIA (P) LTD,2019,4
3W,HOOGHLY MOTORS PVT LTD,2019,1855
3W,HOP MOTORS PVT LTD,2019,20
3W,HOTAGE INDIA,2019,856
3W,HOVEL CYLINDER PVT LTD,2019,238
3W,HUNDAL INDUSTRIES,2019,616
LMV,HYUNDAI MOTOR INDIA LTD,2019,233
3W,INDIAN MOTORS,2019,52
LMV,INTERNATIONAL TRACTORS LIMITED,2019,1
3W,J P AUTO TECH,2019,6
3W,J S AGRO INDUSTRIES,2019,1
3W,J S MOBILEON PVT LTD,2019,10
3W,J. S. AUTO (P) LTD,2019,2314
3W,J.S.AUTO PVT LTD (KANPUR),2019,1
3W,JADE KOREA SPINE LIFE,2019,74
3W,JAIDKA POWER SYSTEMS PVT LTD,2019,414
3W,JAIN POWER CORP,2019,80
3W,JAJODIA COMMODITIES PVT LTD,2019,633
3W,JAY ACE TECHNOLOGIES LTD,2019,2
3W,JAYDEV ENTERPRISE,2019,248
LMV,JAYEM AUTOMOTIVES PVT LTD,2019,19
3W,JESSUN TECHNO PVT LTD,2019,362
3W,JIJO ELECTRIC WHEELS PVT LTD,2019,184
3W,JINDAL ELECTRIC VEHICLES,2019,37
2W,JITENDRA NEW EV-TECH PVT. LTD,2019,46
3W,JITENDRA NEW EV-TECH PVT. LTD,2019,2
LMV,JITENDRA NEW EV-TECH PVT. LTD,2019,1
3W,JITENDRA TEMPO PARTS,2019,34
3W,JS MOBILEON PVT LTD,2019,208
3W,JSS ENGINEERING COMPANY,2019,5
3W,JUNO CASTINGS PVT LTD,2019,79
2W,K M MOTORS,2019,1
3W,K T ENTERPRISES,2019,143
3W,K. V. INDUSTRIES,2019,26
3W,KABMAX ELECTRIC AUTOMOBILES PVT. LTD,2019,40
3W,KALIKA VAHAN PVT LTD,2019,55
3W,KALINGA VENTURES IND P,2019,5
3W,KALINGA VENTURES INDIA PVT LTD,2019,250
LMV,KALINGA VENTURES INDIA PVT LTD,2019,7
3W,KALPVRIKSH ELECTOMOBILES CO,2019,74
3W,KAMAZ INDUSTRIES,2019,5
3W,KANIFA AUTOMOTIVE PVT LTD,2019,2
3W,KAPTECH INDIA PVT LTD,2019,657
3W,KGN,2019,38
3W,KGN INDUSTRIES,2019,16
3W,KHALSA E-VEHICLES PVT LTD,2019,1233
3W,KHEMRAJ AUTOMOTIVE INDUSTRIES,2019,46
3W,KINETIC GREEN ENERGY & POWER SOLUTIONS LTD,2019,1463
LMV,KINETIC GREEN ENERGY & POWER SOLUTIONS LTD,2019,1
3W,KINETIC GREEN ENERGY P SOL LTD,2019,43
3W,KIRTI SOLAR LTD,2019,266
3W,KLB KOMAKI PVT LTD,2019,80
3W,KPT INDUSTRIES LTD,2019,3
3W,KRANTI AUTOMOBILES LTD,2019,21
3W,KRANTI INTERNATIONAL,2019,6
3W,KRISHNA ENGINEERING WORKS,2019,419
3W,KRISHNA INDUSTRIES,2019,28
3W,KRISHNA VEHICALS,2019,127
3W,KUKU AUTOMOTIVES,2019,307
3W,LAKSHYA AUTO SALES CORPORATION,2019,24
3W,LAKSHYA MOTORS,2019,13
3W,LAUNCHER MATERIAL HANDLING INDUSTRIES,2019,2
3W,LAWAT MOTORS,2019,1
3W,LAWAT MOTORS LLP,2019,302
LMV,LAWAT MOTORS LLP,2019,1
3W,LAXMI E-RICKSHAW COMPANY,2019,35
LMV,LIUGONG INDIA PVT. LTD,2019,1
3W,LOHIA AUTO INDUSTRIES,2019,714
3W,LOHIA AUTO INDUSTRIES LTD.,2019,94
3W,M G INDUSTRIES,2019,65
LMV,M G INDUSTRIES,2019,1
3W,M K BROTHERS,2019,1
3W,M K ENTERPRISES,2019,1
3W,M.K. ENTERPRISES,2019,210
3W,M/S SHRIRAM AUTO TECH PVT LTD,2019,1614
LMV,M/S SHRIRAM AUTO TECH PVT LTD,2019,1
3W,M/S. DAVE EXIM (P) LTD.,2019,1
3W,M2J E VAHAN PVT LTD,2019,17
3W,MAA SHAKTI EXIM PVT LTD,2019,1988
3W,MAC AUTO INDIA,2019,537
3W,MAHI ENTERPRISES,2019,32
3W,MAHINDRA & MAHINDRA LIMITED,2019,6725
LMV,MAHINDRA & MAHINDRA LIMITED,2019,687
3W,MAHINDRA ELECTRIC MOBILITY LIMITED,2019,1786
LMV,MAHINDRA ELECTRIC MOBILITY LIMITED,2019,99
3W,MALHOTRA  VEHICLE MANUFACTURING PVT LTD,2019,6
3W,MALI ENTERPRISES PVT LTD,2019,499
3W,MANIRAM ELECTRIC VEHICLE PVT LTD,2019,52
3W,MANITA CITY MOTORS LLP,2019,167
3W,MANMOHAN KAUR,2019,54
LMV,MARUTI SUZUKI INDIA LTD,2019,1
3W,"MAYUR ENTERPRISES,BARIPADA",2019,15
LMV,MG MOTOR INDIA PVT LTD,2019,7
3W,MINI METRO,2019,87
3W,MINI METRO EV L.L.P,2019,2265
3W,MOHAN GENERAL TRADING COMPANY,2019,56
3W,MOTOR & GENERAL SALES PVT LTD,2019,33
LMV,MOTOR & GENERAL SALES PVT LTD,2019,1
3W,MOTRAC MOTORS PVT LTD,2019,132
3W,MULTI DIMENSIONAL SOLUTIONS,2019,18
3W,N0VA AUTOMOTIVE TECHNOLOGIES PVT. LTD,2019,232
3W,NABH MOTORS PVT LTD,2019,48
3W,NAMAH INDUSTRIES PVT LTD,2019,91
3W,NAND ELECTRIC MOTOR VEHICLE PVT LTD,2019,30
3W,NANYA AIRCONN PVT LTD,2019,1
3W,NARAINDASS AND SONS,2019,12
3W,NB TURNED  COMPONENTS PVT LTD,2019,13
2W,NDS ECO MOTORS PVT LTD,2019,648
3W,NEEDLE EYE PLASTIC INDUSTRIES PVT LTD,2019,267
3W,NEW ARCANA INDIA,2019,732
2W,NEXZU MOBILITY PVT LTD,2019,370
3W,NGAGE WHEEL PVT LTD,2019,38
3W,NHD MOTORS,2019,161
3W,NIBE MOTORS PVT LTD,2019,15
3W,NIC TEST ACCOUNT-1,2019,2
3W,NIKHIL FURNITURES,2019,31
3W,NIPUN SANYANTRA PVT LTD,2019,17
3W,NIRMAL UTILITY SERVICES PVT LTD,2019,158
LMV,NISSAN MOTOR INDIA PVT LTD,2019,1
3W,NRJ ELECTRIC MOTOR VEHICLES PVT LTD,2019,468
3W,OGATA MOTORS INDIA PVT LTD,2019,87
3W,OK PLAY INDIA LTD,2019,130
LMV,OK PLAY INDIA LTD,2019,7
2W,OKINAWA AUTOTECH PVT LTD,2019,11850
LMV,OKINAWA AUTOTECH PVT LTD,2019,1
MMV,OLECTRA GREENTECH LTD,2019,11
3W,OLYMPUS INDUSTRIES PVT LTD,2019,51
3W,OM BALAJEE AUTOMOBILE ( INDIA) PVT. LTD,2019,1610
3W,OM BALAJI AUTOMOBILES I P LTD,2019,83
3W,OM INDUSTRIES,2019,12
3W,OM PACKAGING,2019,29
3W,OM RAJ AUTOTECH LLP,2019,388
3W,OM. INDUSTRIES,2019,5
2W,OTHERS,2019,1576
3W,OTHERS,2019,312
LMV,OTHERS,2019,269
3W,PAARTH SARTHI AUTOMOTIVE ENGINEERS PVT LTD,2019,13
3W,PACE AGRO PRIVATE LIMITED,2019,234
3W,PACE AGRO PVT LTD,2019,3
3W,PANSEN ENGINEERING INDIA PVT LTD,2019,41
3W,PARI E-VEHICLES,2019,246
3W,PARI METRO E RICKSHAW,2019,286
3W,PARVEEN AUTO,2019,285
3W,PASHUPATI NATH MOTORS PVT LTD,2019,12
3W,PASHUPATI VEHICLE PVT. LTD.,2019,20
3W,PASHUPATI VEHICLES PVT LTD,2019,29
3W,PATS MOTOR CORP,2019,44
3W,PIAGGIO VEHICLES PVT LTD,2019,1
3W,PLAUDIT TECHNO INDIA PVT LTD,2019,504
LMV,PMI ELECTRO MOBILITY SOLUTIONS PRIVATE LIMITED,2019,1
3W,PRAAKARM AUTO & CONSTRUCTION EQUIPMENTS,2019,23
3W,PRAKASH ENTERPRISES,2019,19
3W,PRESTANTIA CREATIONS PVT LTD,2019,9
3W,PRIMA PVT LTD,2019,2
3W,PUBANG ETRON ELECTRIC MOTOR PVT LTD,2019,2606
3W,PURVA UDYOG PVT LTD,2019,1
3W,PYTHOX MOTORS PVT LTD,2019,14
3W,R3 ENTERPRISES,2019,77
3W,RAHUL AGRO EXPORTS PVT LTD,2019,140
2W,RAJ AUTOMOTIVE,2019,1
3W,RAJ AUTOMOTIVE,2019,11
3W,RAJESH STEEL AND WIRE INDUSTRIES,2019,135
3W,RAJIV RAJ VEHICLES PVT LTD,2019,28
3W,RAMON INDUSTRIES,2019,238
3W,RASANDIK ENGINEERING INDUSTRIES INDIA LTD,2019,58
3W,RASIWASIA RASAYAN PVT LTD,2019,19
3W,RAYON ENGINEERS,2019,50
3W,REEP INDUSTRIES PVT LTD,2019,40
LMV,REEP INDUSTRIES PVT LTD,2019,2
3W,REFLEX CONTROL SYSTEM PVT .LTD,2019,112
3W,REPUBLIC MOTORS,2019,54
2W,REVOLT INTELLICORP PVT LTD,2019,480
3W,RIYA ENTERPRISE,2019,10
3W,ROARLEO MOTOR PVT LTD,2019,88
2W,ROYAL-ENFIELD (UNIT OF EICHER LTD),2019,1
3W,RSD SECURITY SOLUTIONS PVT LTD,2019,377
3W,RUTBA PRODUCT PVT LTD,2019,492
3W,S AND J INDUSTRIES,2019,140
3W,S E ASIA CO,2019,2
3W,S S GLOBAL,2019,106
3W,S.V AUTOMOTIVE,2019,59
3W,SAERA ELECTRIC AUTO PVT LTD,2019,5080
3W,SAKSHAM TECH AUTOMOBILES,2019,35
3W,SAKSHAM TRADING COMPANY,2019,243
3W,SAMEER ENGINEERING,2019,16
3W,SAMRAT ELECTRIC VEHICLE,2019,59
3W,SANCHAL AUTOMOBILES PVT LTD,2019,56
3W,SATHI MOTORS ELECTRIC VEHICLE PVT LTD,2019,182
3W,SEALION AUTOMOBILE PVT LTD,2019,14
3W,SEN AND PANDIT VOLTAGE CONTROL PVT LTD,2019,54
3W,SETH INDUSTRIAL CORPORATION,2019,79
3W,SETHJI INDUSTRIES,2019,6
3W,SGLLINE MOTORS PVT LTD,2019,28
3W,SHAKTI AUTO GREEN,2019,188
3W,SHERA ELECTRICAL AUTO PVT LTD,2019,1
3W,SHIGAN EVOLTZ LTD,2019,950
LMV,SHIGAN EVOLTZ LTD,2019,1
3W,SHINE METAL UDYOG PVT LTD (UNIT- II),2019,61
3W,SHIV OM INDIA,2019,209
3W,SHREE MARUTI NANDAN BUSINESSS (P) LTD,2019,69
3W,SHREYA ENGINEERS,2019,14
3W,SHRI BALAJI ENTERPRISES,2019,84
3W,SHRI BARSANA E-VEHICLES PVT LTD,2019,794
3W,SHRI NAMO ELECTRIC AUTOMOTIVE,2019,269
3W,SHRI SHIVSHANKAR ENTERPRISES,2019,5
3W,SHRIRAJ ELECTRIC VEHICLES,2019,17
3W,SHRIRAM ASTRAL MOTOR CO,2019,6
3W,SIARSA ELECTRICALS PVT LTD,2019,21
3W,SINGHAL ENTERPRISES,2019,97
3W,SIRF INDIA VEHICLES PVT LTD,2019,45
3W,SIWACH STEEL PVT LTD,2019,188
3W,SIX SENSES AUTOMOTIVE PVT LTD,2019,63
3W,SKS TRADE INDIA PVT LTD,2019,1354
LMV,SKS TRADE INDIA PVT LTD,2019,3
3W,SKYRIDE AUTOMOTIVE,2019,447
3W,SMART ELECTRO MOTORS,2019,25
3W,SN SOLAR ENERGY,2019,121
3W,SONI E VEHICLE PVT LTD,2019,320
3W,SPEEDWAYS ELECTRIC,2019,19
3W,SPEEGO VEHICLES CO PVT LTD,2019,913
3W,SRD RENEWABLES,2019,162
3W,SSB INDISTRIES,2019,391
3W,STAR BULL E MOTORS,2019,361
3W,SUMFONL AUTO TRADERS PVT LTD,2019,345
3W,SUNSHINE TECHNOLOGIES,2019,17
3W,SUPERECO AUTOMOTIVE CO,2019,444
3W,SUPERTECH EV LIMITED,2019,82
2W,SUZUKI MOTORCYCLE INDIA PVT LTD,2019,1
3W,SWADESHI INDUSTRIES,2019,18
3W,SWASTIK,2019,27
3W,SYNDICATE AUTO COMPONENTS,2019,11
3W,T U K INDUSTRIES,2019,145
LMV,TATA MOTORS LTD,2019,419
MMV,TATA MOTORS LTD,2019,119
3W,TAURUS ELECTRIC VEHICLES,2019,35
3W,TEJASGREEN AUTOMOTIVE PVT LTD,2019,141
3W,TERRA MOTORS INDIA PVT LTD,2019,3545
LMV,TERRA MOTORS INDIA PVT LTD,2019,1
3W,THE COMMERCIAL MOTORS LIMITED,2019,32
LMV,THE COMMERCIAL MOTORS LIMITED,2019,1
3W,THUKRAL ELECTRIC BIKES PVT LTD,2019,3303
3W,TOP TEAM MACHINES PVT LTD,2019,1103
LMV,TOYOTA KIRLOSKAR MOTOR PVT LTD,2019,3
LMV,TOYOTA MATERIAL HANDLING INDIA PVT LTD,2019,1
3W,TRANSVAHAN TECHNOLOGIES INDIA PVT LTD,2019,9
3W,TRISHIKA INDUSTRIES,2019,108
3W,TRUPART AUTOMOTIVE INDIA PVT LTD,2019,61
3W,TRUZ INDUSTRIES,2019,6
3W,TSM ENGINEERING PVT LTD,2019,26
3W,TSR TRADE COM,2019,10
3W,TUFAN MOTORS PVT LTD,2019,208
2W,TVS MOTOR COMPANY LTD,2019,30
3W,TWASHTRE AUTOMOTIVE PVT LTD,2019,19
3W,TWINKLE TRADCOM PVT LTD,2019,448
3W,TWO FRIENDS AUTO ELECTRIC CO,2019,368
3W,U P TELELINKS LTD,2019,4
3W,U V MOTORS INDIA PVT LTD,2019,34
3W,U.P. TELELINKS LIMITED,2019,656
3W,UMA  AUTO INDUSTRIES PVT. LTD,2019,41
3W,UMA AUTO INDUSTRIES PVT LTD,2019,1
3W,UMA MOTORS,2019,99
3W,UNICORN DIGITAL SYSTEMS PVT LTD,2019,1
3W,UNIQUE ENTERPRISES,2019,313
3W,UNIQUE INTERNATIONAL,2019,2125
3W,UNITED TRANSMOVERS PVT LTD,2019,788
3W,V.T. ENGINEERING,2019,197
3W,V.V.A.AUTO INDUSTRIES PVT.LTD,2019,103
3W,VANI ELECTRIC VEHICLES PVT LTD,2019,3217
3W,VARIOUS INNOVATIVE SYSTEMS HYBRID NANO UTILITIES,2019,4
3W,VEECTERO E VEHICLES LLP,2019,38
3W,VENUS AUTO WHEELS PVT LTD,2019,306
3W,VGLAN BUILDCON PRIVATE LIMITED,2019,39
3W,VICTORIA E VEHICLES PVT. LTD,2019,15
3W,VICTORY ELECTRIC INTERNATIONAL,2019,1971
LMV,VICTORY ELECTRIC INTERNATIONAL,2019,1
3W,VIMAL UNIVERSAL TRADE PVT LTD,2019,183
3W,VINCI INDUSTRIAL CORPORATION,2019,16
3W,VISHWAKARMA GNG INDUSTRY,2019,30
3W,VISHWARUP ENTERPRISE,2019,4
3W,VOLMAC ENGINEERING PVT LTD,2019,16
3W,VOLTAIC INDUSTRIES PVT LTD,2019,5
3W,VRINDA ENTERPRISES,2019,290
3W,WELKIN HEALTHCARE PVT LTD,2019,67
3W,WOX COOLERS PVT LTD,2019,17
3W,XXPLORE AUTOMATIVE PVT LTD,2019,11
3W,XXPLORE AUTOMOTIVE PVT. LIMITED,2019,129
3W,Y.C.ELECTRIC VEHICLE,2019,1
3W,YAARI AUTOMOBILES PVT LTD,2019,29
3W,YC ELECTRIC VEHICLE,2019,13213
LMV,YC ELECTRIC VEHICLE,2019,2
3W,YC ELECTRIC VEHICLE PVT LTD,2019,24
3W,YUVRAJ INTERNATIONAL,2019,31
3W,ZBEE INDIA PVT LTD,2019,2
3W,ZENIAK INNOVATION INDIA LTD,2019,1621
3W,ZESAR MOTORS PVT LTD,2019,12
3W,3S INDUSTRIES PRIVATE LIMITED,2020,66
LMV,3S INDUSTRIES PRIVATE LIMITED,2020,1
3W,A K AUTTO ELECTRICAL,2020,1
3W,A K GUPTA & CO.,2020,195
3W,A P I MOTORS PVT LTD,2020,14
3W,A. K. AUTTO ELECTRICAL,2020,1
3W,A.V.AUTOMOTIVES PVT LTD,2020,256
3W,A3T INCORPORTED,2020,3
3W,AADHYA ENTERPRISES,2020,4
LMV,AADHYA ENTERPRISES,2020,1
3W,AAHANA COMMERCE PVT LTD,2020,61
3W,ACCRETION POWER AUTOS,2020,111
3W,ADAPT MOTORS PVT LTD,2020,2
3W,ADIDEV TECHNOA PVT LTD,2020,14
3W,ADITYA SAI INDUSTRIES,2020,75
2W,AFTEK MOTORS INDIA PVT LTD,2020,1
3W,AGRAWAL RENEWABLE ENERGY PVT LTD,2020,2
3W,ALBEDO VISION PVT LTD,2020,15
3W,ALLFINE INDUSTRIES PVT LTD,2020,1180
3W,ALTIER ELECTRIC VEHICLES PVT LTD,2020,308
3W,ALTIGREEN PROPULSION LABS PVT LTD,2020,3
3W,ALTIUS TECHNOLOGIES,2020,30
3W,AMAN AUTOMOBILES,2020,22
3W,AMAN ELECTRIC VEHICLES,2020,15
3W,AMBIKA ENTERPRISES,2020,25
3W,AMBIKA INDUSTRIES,2020,656
2W,AMPERE VEHICLES PRIVATE LIMITED,2020,4522
2W,AMPERE VEHICLES PVT LTD,2020,153
3W,ANJALI AUTO COMPONENTS,2020,23
3W,ANJALI TRADERS,2020,122
3W,ANKUSH AUTO DEALS,2020,51
3W,APARNA INDUSTRIES,2020,83
3W,APM AUTO SALES,2020,119
3W,APSARA ENTERPRISE,2020,191
3W,ARCHIT ENTERPRISES,2020,110
3W,ARD EXIM,2020,14
3W,ARMAN GREEN VEHICLES PVT LTD,2020,41
3W,ARNA ELECTRIC AUTO PVT LTD,2020,185
3W,ARROW AUTOMOTIVE,2020,825
3W,ASHA IMPEX,2020,7
3W,ASHWA ELECTRIC,2020,4
2W,ATHER ENERGY PVT LTD,2020,3052
2W,ATOMEX E-MOTORS INDIA PVT LTD,2020,2
3W,ATTOLENT AUTO GROUP PVT LTD,2020,176
3W,ATTOLENT AUTOGROUP PVT LTD,2020,12
3W,ATUL AUTO LTD,2020,438
3W,ATUT SANGAM,2020,204
3W,AUTOHAUS PRIVATE LIMITED,2020,124
3W,AUTOLITE (INDIA) LIMITED,2020,328
3W,AVL ELECTRIC VEHICLES PVT LTD,2020,517
3W,AVON CYCLE LTD INDIA,2020,3
3W,AVON CYCLES LTD,2020,366
LMV,AVON CYCLES LTD,2020,1
2W,AYAAN ELECTRONIC PVT LTD,2020,2
3W,BABA E-VEHICLES,2020,92
3W,BAGHWAN RIKSHAW UDYOG,2020,3
2W,BAJAJ AUTO LTD,2020,1243
3W,BAJAJ AUTO LTD,2020,19
3W,BAJAJ IMPLEMENTS PVT. LTD,2020,70
3W,BAL GOPAL WHEELS PVT LTD,2020,31
3W,BALI AUTO INDUSTRIES,2020,178
2W,BENLING INDIA ENERGY AND TECHNOLOGY PVT LTD,2020,567
3W,BENTINCK INDUSTRIES PVT. LTD.,2020,77
3W,BEST WAY AGENCIES PVT LTD,2020,2155
3W,BESTWAY AGENCIES PVT LTD,2020,50
3W,BESTWAY BANARASH,2020,15
3W,BHAVE ELECTRIC VEHICLES PVT LTD,2020,122
3W,BHM INDUSTRIES,2020,23
3W,BIG BULL TRADER PVT LTD,2020,460
3W,BIJNOR ENTERPRISES,2020,4
3W,BRIGHT AUTOZONE PVT LTD,2020,413
3W,BRIGHT METAL WORKS,2020,9
3W,C M OVERSEAS,2020,17
3W,CART INDIA,2020,99
3W,CEEON INDIA,2020,263
3W,CELLETRON MOTOR WORKS,2020,6
3W,CHAMPION POLY PLAST,2020,2741
3W,CHARUVIKRAM AUTOMOBILE PVT LTD,2020,56
3W,CHAUHAN AUTO INDUSTRIES,2020,86
3W,CHEHAK BATTERIES,2020,48
3W,CITADEL ENTERPRISES(OPC) PVT LTD,2020,26
3W,CITYGREEN AUTO & PETRO CHEMICALS (P) LTD,2020,292
3W,CLH GASEOUS FUEL APPL PVT LTD,2020,5
3W,CONTINENTAL ENGINES PVT LTD,2020,11
3W,CYRUS AUTO INDUSTRIES PVT LTD,2020,14
3W,D S INDUSTRIES,2020,29
LMV,DAIMLER AG,2020,2
3W,DAKSH INDUSTRIES,2020,30
3W,DASHMESH TRADERS,2020,40
3W,DAVE EXIM PVT LTD,2020,387
3W,DD AUTO PVT LTD,2020,62
3W,DE EUSI MOTORS PVT LTD.,2020,114
3W,DEEP DRAWN TECHNOLOGIES,2020,3
3W,DELTA AUTOCORP LLP,2020,1100
3W,DELTEK ENTERPRISES PVT LTD,2020,5
3W,DESMOTO ELECTRICS PVT LTD,2020,16
3W,DHAR INTERNATIONAL,2020,140
3W,DILIP CHHABRIA DESIGN PVT LTD,2020,1
3W,DILLI ELECTRIC AUTO PVT LTD,2020,2541
3W,DIVANSHU AUTOMOBILES LIMITED,2020,3
3W,DIVANSU AUTOMOBILES LTD,2020,27
3W,DIVYA AUTOMOBILES,2020,3
3W,DIVYA ENTERPRISES,2020,169
3W,DIWA GREEN TECHNOLOGY PVT LTD,2020,1
3W,DSF INDUSTRIES PVT LTD,2020,132
3W,DUKE AUTO INDIA,2020,259
3W,DUKEMOTO MOTORS PVT LTD,2020,9
3W,DURABLE FLANGES PVT LTD,2020,17
3W,DYNAVOLT TECHNOLOGY INDIA LTD,2020,2
3W,DYS IMPEX PRIVATE LIMITED,2020,243
3W,DYS IMPEX PVT LTD,2020,1
3W,EAGLE AUTO PEARL PVT,2020,1
3W,E-ASHWA AUTOMOTIVE PVT LTD,2020,23
2W,ECO FUEL SYSTEMS (I) PVT LTD,2020,20
3W,ECO SMART VEHICLES PVT LTD,2020,14
3W,ECO-FRIENDLY ELECTRIC VEHICLE PVT LTD,2020,53
3W,ECOYAN ELECTRIC MOTOR VEHICLES PVT LTD,2020,8
3W,EDMRC MANNSCHAFT LLP,2020,29
3W,EEVEE ENGINEERING PVT LTD,2020,5
3W,ELECTRA INTERNATIONAL,2020,19
2W,ELECTRECA VEHICLES,2020,9
3W,ELECTRECA VEHICLES,2020,29
3W,ELECTROTHERM (INDIA) LIMITED,2020,60
3W,ELEPHANTA INDUSTRIES PVT LTD,2020,33
3W,ELITE AUTO ENGINEERS PVT LTD,2020,75
3W,E-MOTION AUTOMOTIVE INDUSTRY LLP,2020,10
3W,ENERGY ELECTRIC VEHICLES,2020,1324
3W,ENGINIA VEHICLES PVT LTD,2020,4
3W,ENTICE IMPEX PVT LTD,2020,131
3W,EPOWER VEHICLES PVT LTD,2020,55
3W,EULER MOTORS PVT LTD,2020,63
3W,EVEX AUTO INDIA PVT LTD,2020,66
3W,EVOLUTION AUTOTECH,2020,1
3W,EXIDE INDUSTRIES LTD,2020,274
3W,EXTRA FAST SOLUTIONS,2020,56
3W,EXTRAMILE GAS TECH,2020,6
3W,EXTREME MOTORS,2020,12
3W,FIVE ELEMENTS,2020,6
3W,G & G AUTOMOTIVE,2020,318
3W,G WILLIAMS FABRICATIONS LTD,2020,5
3W,G.K. RICKSHAW,2020,2405
3W,GAURI AUTO INDIA PVT. LTD,2020,7
3W,GAYAM MOTOR WORKS PRIVATE LIMITED,2020,28
3W,GAYATRI ELECTRIC VEHICLES,2020,81
3W,GENERAL AGENCIES(KOLKATA) PVT LTD,2020,1
3W,GEO ALLIANCE,2020,6
3W,GKON ELECTRIC MOTOR VEHICLES PVT LTD,2020,238
3W,GODAWARI TECHNO SOLUTIONS PVT LTD,2020,48
3W,GOENKA ELECTRIC MOTOR VEHICLES PVT LTD,2020,787
3W,GOOD WILL HI PRECISION,2020,1
3W,GOODWILL HI PRECISION WORKS PVT LTD,2020,19
3W,GOPAL AUTO MOTORS PVT LTD,2020,292
2W,GOREEN E-MOBILITY PVT LTD,2020,94
3W,GRD MOTORS,2020,1476
3W,GREEN IMPEX,2020,25
3W,GREEN KAIKETSU AUTOMATIVE IND,2020,6
3W,GREEN KAIKETSU AUTOMOTIVE INDIA PVT LTD,2020,27
3W,GREEN SHUTTLE TECHNOLOGY PVT LTD,2020,14
3W,GREEN TECHNOLOGIES,2020,100
3W,GREEN VALLEY MOTORS,2020,38
3W,GREEN WAY ECO RIDE,2020,1
3W,GREEN WHEELZ (INDIA),2020,3
3W,GREENTECH AUTO LLP,2020,36
3W,GREENWHEELS AUTOMOBILE PVT LTD,2020,129
3W,GRG SMART VEHICLE PVT LTD,2020,29
3W,GURU JI WHEELS,2020,21
3W,GURUKIRPA INDUSTRIES,2020,79
3W,HAARISH AUTOMOTIVES (OPC) PRIVATE LIMITED,2020,3
3W,HARSH TRADING CO,2020,73
2W,HERO ELECTRIC VEHICLE PVT LTD,2020,593
2W,HERO ELECTRIC VEHICLES PVT. LTD,2020,8247
3W,HIM TEKNOFORGE LTD,2020,50
3W,HINDUSTAN MOTOR CORPORATION,2020,177
3W,HITECH  MECHANICAL WORKS,2020,20
3W,HI-TECH INDUSTRIES,2020,37
3W,HITEK ELECTRIC AUTO CO,2020,7
3W,HOOGHLY MOTORS PVT LTD,2020,689
3W,HOP MOTORS PVT LTD,2020,15
3W,HOTAGE INDIA,2020,470
3W,HOVEL CYLINDER PVT LTD,2020,30
3W,HUNDAL INDUSTRIES,2020,292
LMV,HYUNDAI MOTOR INDIA LTD,2020,206
3W,INDIAN MOTORS,2020,106
2W,IRA EDUTECH PVT LTD,2020,38
3W,J P AUTO TECH,2020,8
3W,J. S. AUTO (P) LTD,2020,1260
3W,JADE KOREA SPINE LIFE,2020,53
3W,JAIDKA POWER SYSTEMS PVT LTD,2020,249
3W,JAIN POWER CORP,2020,28
3W,JAJODIA COMMODITIES PVT LTD,2020,660
3W,JAY ACE TECHNOLOGIES LTD,2020,1
3W,JAYDEV ENTERPRISE,2020,95
LMV,JAYEM AUTOMOTIVES PVT LTD,2020,42
3W,JESSUN TECHNO PVT LTD,2020,43
3W,JIJO ELECTRIC WHEELS PVT LTD,2020,6
3W,JINDAL ELECTRIC VEHICLES,2020,3
2W,JITENDRA NEW EV-TECH PVT. LTD,2020,454
3W,JITENDRA NEW EV-TECH PVT. LTD,2020,32
3W,JITENDRA TEMPO PARTS,2020,89
3W,JOYRAM STEEL FABRICATION WORKS,2020,1
3W,JS MOBILEON PVT LTD,2020,43
3W,JUNO CASTINGS PVT LTD,2020,6
3W,K T ENTERPRISES,2020,57
3W,K. V. INDUSTRIES,2020,19
3W,KABMAX ELECTRIC AUTOMOBILES PVT. LTD,2020,66
3W,KALIKA VAHAN PVT LTD,2020,39
3W,KALINGA VENTURES INDIA PVT LTD,2020,96
3W,KALPVRIKSH ELECTOMOBILES CO,2020,70
3W,KAMAZ INDUSTRIES,2020,30
3W,KANIFA AUTOMOTIVE PVT LTD,2020,78
3W,KAPTECH INDIA PVT LTD,2020,357
3W,KERALA AUTOMOBILES LIMITED,2020,36
3W,KGN,2020,72
3W,KGN INDUSTRIES,2020,8
3W,KHALSA  AGRO INDUSTRIES,2020,21
3W,KHALSA E-VEHICLES PVT LTD,2020,607
3W,KHEMRAJ AUTOMOTIVE INDUSTRIES,2020,13
3W,KINETIC GREEN ENERGY & POWER SOLUTIONS LTD,2020,669
3W,KINETIC GREEN ENERGY P SOL LTD,2020,38
3W,KIRTI SOLAR LTD,2020,304
3W,KLB KOMAKI PVT LTD,2020,47
3W,KPT INDUSTRIES LTD,2020,3
3W,KRANTI AUTOMOBILES LTD,2020,27
3W,KRISHNA ENGINEERING WORKS,2020,220
3W,KRISHNA INDUSTRIES,2020,39
3W,KRISHNA VEHICALS,2020,40
3W,KUKU AUTOMOTIVES,2020,207
3W,LAKSHYA AUTO SALES CORPORATION,2020,14
3W,LAWAT MOTORS,2020,1
3W,LAWAT MOTORS LLP,2020,153
3W,LAXMI E-RICKSHAW COMPANY,2020,11
3W,LECTRIX EV PVT LTD,2020,7
2W,LI-IONS ELEKTRIK SOLUTIONS PVT LTD,2020,40
3W,LOHIA AUTO INDUSTRIES,2020,377
3W,LOHIA AUTO INDUSTRIES LTD.,2020,54
3W,LORDS VEHICLE MFG PVT LTD,2020,3
3W,M G INDUSTRIES,2020,41
3W,M K BROTHERS,2020,2
3W,M.K. ENTERPRISES,2020,194
3W,M/S CHAMPION POLY PLAST,2020,2
3W,M/S SHRIRAM AUTO TECH PVT LTD,2020,692
2W,M/S UNITY MOTOR BODY,2020,1
2W,M2GO ELECTRIC VEHICLE PVT LTD,2020,19
3W,M2J E VAHAN PVT LTD,2020,54
3W,MAA SHAKTI EXIM PVT LTD,2020,881
3W,MAC AUTO INDIA,2020,248
3W,MAHI ENTERPRISES,2020,8
3W,MAHINDRA & MAHINDRA LIMITED,2020,4564
LMV,MAHINDRA & MAHINDRA LIMITED,2020,419
3W,MAHINDRA ELECTRIC MOBILITY LIMITED,2020,3219
LMV,MAHINDRA ELECTRIC MOBILITY LIMITED,2020,35
3W,MALI ENTERPRISES PVT LTD,2020,103
3W,MANIRAM ELECTRIC VEHICLE PVT LTD,2020,19
3W,MANITA CITY MOTORS LLP,2020,162
LMV,MANITA CITY MOTORS LLP,2020,1
3W,MANMOHAN KAUR,2020,25
3W,MARINE NAVAIDS & SOLAR AUTO PVT LTD,2020,4
3W,"MAYUR ENTERPRISES,BARIPADA",2020,1
LMV,MERCEDES -BENZ AG,2020,10
2W,MEW ELECTRICALS LIMITED,2020,57
LMV,MG MOTOR INDIA PVT LTD,2020,772
3W,MINI METRO,2020,94
3W,MINI METRO EV L.L.P,2020,1754
LMV,MINI METRO EV L.L.P,2020,2
3W,MLR AUTO LTD,2020,5
3W,MOHAN GENERAL TRADING COMPANY,2020,77
3W,MONDAL TRADING,2020,61
3W,MOTOR & GENERAL SALES PVT LTD,2020,1
3W,MOTRAC MOTORS PVT LTD,2020,100
3W,MULTI DIMENSIONAL SOLUTIONS,2020,7
3W,N0VA AUTOMOTIVE TECHNOLOGIES PVT. LTD,2020,100
3W,NABH MOTORS PVT LTD,2020,6
3W,NAMAH INDUSTRIES PVT LTD,2020,38
3W,NARAINDASS AND SONS,2020,1
2W,NDS ECO MOTORS PVT LTD,2020,146
3W,NEEDLE EYE PLASTIC INDUSTRIES PVT LTD,2020,148
3W,NEW ARCANA INDIA,2020,316
2W,NEXZU MOBILITY PVT LTD,2020,96
3W,NGAGE WHEEL PVT LTD,2020,21
3W,NHD MOTORS,2020,179
3W,NIBE MOTORS PVT LTD,2020,4
3W,NIKHIL FURNITURES,2020,7
3W,NIPUN SANYANTRA PVT LTD,2020,11
3W,NIRMAL UTILITY SERVICES PVT LTD,2020,48
3W,NRJ ELECTRIC MOTOR VEHICLES PVT LTD,2020,295
2W,ODYSSE ELECTRIC VEHICLES PVT LTD,2020,4
3W,OGATA MOTORS INDIA PVT LTD,2020,207
3W,OK PLAY INDIA LTD,2020,64
2W,OKINAWA AUTOTECH PVT LTD,2020,5754
3W,OKINAWA AUTOTECH PVT LTD,2020,3
MMV,OLECTRA GREENTECH LTD,2020,7
3W,OLYMPUS INDUSTRIES PVT LTD,2020,5
3W,OM BALAJEE AUTOMOBILE ( INDIA) PVT. LTD,2020,672
3W,OM BALAJI AUTOMOBILES I P LTD,2020,54
3W,OM INDUSTRIES,2020,1
3W,OM PACKAGING,2020,13
3W,OM RAJ AUTOTECH LLP,2020,345
3W,OM. INDUSTRIES,2020,3
3W,OMEGA SALES & AGRO INDUSTRIES,2020,3
2W,OTHERS,2020,933
3W,OTHERS,2020,199
LMV,OTHERS,2020,13
3W,PAARTH SARTHI AUTOMOTIVE ENGINEERS PVT LTD,2020,2
3W,PACE AGRO PRIVATE LIMITED,2020,115
3W,PANSEN ENGINEERING INDIA PVT LTD,2020,57
3W,PANTHER ELECTRIC VEHICLES,2020,2
3W,PARAS INDUSTRIES,2020,6
3W,PARI E-VEHICLES,2020,156
3W,PARI METRO E RICKSHAW,2020,138
3W,PARVEEN AUTO,2020,63
3W,PASHUPATI NATH MOTORS PVT LTD,2020,2
3W,PASHUPATI VEHICLE PVT. LTD.,2020,1
3W,PASHUPATI VEHICLES PVT LTD,2020,15
3W,PATS MOTOR CORP,2020,59
3W,PIAGGIO VEHICLES PVT LTD,2020,79
3W,PLAUDIT TECHNO INDIA PVT LTD,2020,255
MMV,PMI ELECTRO MOBILITY SOLUTIONS PRIVATE LIMITED,2020,2
3W,PRAAKARM AUTO & CONSTRUCTION EQUIPMENTS,2020,15
3W,PRAG MOTORS,2020,10
3W,PRAKASH ENTERPRISES,2020,30
3W,PRESTANTIA CREATIONS PVT LTD,2020,13
3W,PUBANG ETRON ELECTRIC MOTOR PVT LTD,2020,1354
3W,PUNEET OVERSEAS  INC,2020,5
2W,PUR ENERGY PVT LTD,2020,720
3W,PYTHOX MOTORS PVT LTD,2020,23
3W,R3 ENTERPRISES,2020,229
3W,RACCOON MOTORS PVT LTD,2020,7
3W,RAHUL AGRO EXPORTS PVT LTD,2020,77
3W,RAJ AUTOMOTIVE,2020,22
3W,RAJESH STEEL AND WIRE INDUSTRIES,2020,57
3W,RAJIV RAJ VEHICLES PVT LTD,2020,35
3W,RAMON INDUSTRIES,2020,63
3W,RASANDIK ENGINEERING INDUSTRIES INDIA LTD,2020,10
3W,RASIWASIA RASAYAN PVT LTD,2020,2
3W,RAYON ENGINEERS,2020,4
3W,RCJ AUTO FORGE PVT LTD,2020,1
3W,RD AND CO,2020,3
3W,REEP INDUSTRIES PVT LTD,2020,5
3W,REFLEX CONTROL SYSTEM PVT,2020,2
3W,REFLEX CONTROL SYSTEM PVT .LTD,2020,53
3W,REPUBLIC MOTORS,2020,44
2W,REVOLT INTELLICORP PVT LTD,2020,2098
3W,RIYA ENTERPRISE,2020,5
3W,ROARLEO MOTOR PVT LTD,2020,52
2W,ROWWET MOBILITY PVT LTD,2020,1
3W,RSD SECURITY SOLUTIONS PVT LTD,2020,87
3W,RUTBA PRODUCT PVT LTD,2020,275
3W,S AND J INDUSTRIES,2020,62
3W,S S GLOBAL,2020,79
3W,S.V AUTOMOTIVE,2020,15
3W,SAERA ELECTRIC AUTO PVT LTD,2020,4153
LMV,SAERA ELECTRIC AUTO PVT LTD,2020,1
3W,SAKSHAM TECH AUTOMOBILES,2020,2
3W,SAKSHAM TRADING COMPANY,2020,81
3W,SAMEER ENGINEERING,2020,3
3W,SAMRAT ELECTRIC VEHICLE,2020,20
3W,SANCHAL AUTOMOBILES PVT LTD,2020,22
3W,SATHI MOTORS ELECTRIC VEHICLE PVT LTD,2020,341
2W,SBTEK E MOTO PVT LTD,2020,14
3W,SCOOTERS INDIA LTD,2020,5
3W,SEALION AUTOMOBILE PVT LTD,2020,13
3W,SEN AND PANDIT VOLTAGE CONTROL PVT LTD,2020,28
3W,SETH INDUSTRIAL CORPORATION,2020,59
3W,SETHJI INDUSTRIES,2020,6
3W,SGL INDUSTRIES,2020,1
3W,SGLLINE MOTORS PVT LTD,2020,49
3W,SHAKTI AUTO GREEN,2020,191
3W,SHERA ELECTRICAL AUTO PVT LTD,2020,1
3W,SHIGAN EVOLTZ LTD,2020,452
3W,SHINE METAL UDYOG PVT LTD (UNIT- II),2020,8
3W,SHIV OM INDIA,2020,40
3W,SHREE MARUTI NANDAN BUSINESSS (P) LTD,2020,14
3W,SHREYA ENGINEERS,2020,13
3W,SHRI BARSANA E-VEHICLES PVT LTD,2020,433
3W,SHRI NAMO ELECTRIC AUTOMOTIVE,2020,170
3W,SHRI SHIVSHANKAR ENTERPRISES,2020,4
3W,SHRIRAJ ELECTRIC VEHICLES,2020,158
3W,SHRIRAM ASTRAL MOTOR CO,2020,4
3W,SINGHAL ENTERPRISES,2020,42
3W,SIRF INDIA VEHICLES PVT LTD,2020,44
3W,SITYOG ENGINEERING PVT LTD,2020,15
3W,SIWACH STEEL PVT LTD,2020,42
3W,SIX SENSES AUTOMOTIVE PVT LTD,2020,8
3W,SKS TRADE INDIA PVT LTD,2020,854
3W,SKYRIDE AUTOMOTIVE,2020,393
3W,SMART ELECTRO MOTORS,2020,31
3W,SN SOLAR ENERGY,2020,28
3W,SONI E VEHICLE PVT LTD,2020,41
3W,SPEEDWAYS ELECTRIC,2020,11
3W,SPEEGO VEHICLES CO PVT LTD,2020,891
3W,SPEEGO VEHICLES PVT. LTD,2020,13
3W,SRD RENEWABLES,2020,113
3W,SSB INDISTRIES,2020,311
3W,STAR BULL E MOTORS,2020,257
3W,STAR IGLOBAL AUTOMOTIVE PVT LTD,2020,12
3W,SUGANJI RARA ELECTRIC VEHICLE PVT LTD,2020,18
3W,SUMFONL AUTO TRADERS PVT LTD,2020,216
3W,SUNULTRA POWER SOLUTIONS PVT LTD,2020,9
3W,SUPER METRO INDUSTRIES,2020,1
2W,SUPERECO AUTOMOTIVE CO,2020,7
3W,SUPERECO AUTOMOTIVE CO,2020,157
3W,SUPERECO AUTOMOTIVE CO LLP,2020,2
3W,SUPERTECH EV LIMITED,2020,116
3W,SUPROVA ENTERPRISE,2020,2
3W,SWASTIK,2020,40
3W,SYNDICATE AUTO COMPONENTS,2020,13
3W,T U K INDUSTRIES,2020,161
LMV,TATA MOTORS LTD,2020,2717
MMV,TATA MOTORS LTD,2020,26
3W,TAURUS ELECTRIC VEHICLES,2020,24
3W,TEJASGREEN AUTOMOTIVE PVT LTD,2020,16
3W,TERRA MOTORS INDIA PVT LTD,2020,2631
3W,THE COMMERCIAL MOTORS LIMITED,2020,14
3W,THUKRAL ELECTRIC BIKES PVT LTD,2020,1986
3W,TOP TEAM MACHINES PVT LTD,2020,869
2W,TORK MOTORS PVT LTD,2020,1
3W,TRINITY ELECTRIC VEHICLES PVT LTD,2020,2
3W,TRISHIKA INDUSTRIES,2020,146
3W,TRUPART AUTOMOTIVE INDIA PVT LTD,2020,10
3W,TSM ENGINEERING PVT LTD,2020,5
3W,TSR TRADE COM,2020,35
3W,TUFAN MOTORS PVT LTD,2020,82
2W,TVS MOTOR COMPANY LTD,2020,233
3W,TWASHTRE AUTOMOTIVE PVT LTD,2020,4
3W,TWINKLE TRADCOM PVT LTD,2020,454
3W,TWO FRIENDS AUTO ELECTRIC CO,2020,289
2W,TYST DRIVE INDIA PVT LTD,2020,2
3W,U V MOTORS INDIA PVT LTD,2020,16
3W,U.P. TELELINKS LIMITED,2020,304
3W,UMA  AUTO INDUSTRIES PVT. LTD,2020,2
3W,UMA MOTORS,2020,37
3W,UNIQUE ENTERPRISES,2020,185
3W,UNIQUE INTERNATIONAL,2020,1776
3W,UNITED TRANSMOVERS PVT LTD,2020,291
3W,V.T. ENGINEERING,2020,82
3W,V.V.A.AUTO INDUSTRIES PVT.LTD,2020,152
3W,VANI ELECTRIC VEHICLES PVT LTD,2020,3083
3W,VARIOUS INNOVATIVE SYSTEMS HYBRID NANO UTILITIES,2020,1
3W,VEECTERO E VEHICLES LLP,2020,22
3W,VENUS AUTO WHEELS PVT LTD,2020,212
3W,VGLAN BUILDCON PRIVATE LIMITED,2020,1
3W,VICTORIA E VEHICLES PVT. LTD,2020,2
3W,VICTORY ELECTRIC INTERNATIONAL,2020,858
3W,VIMAL UNIVERSAL TRADE PVT LTD,2020,74
3W,VINCI INDUSTRIAL CORPORATION,2020,34
3W,VISHAL ENTERPRISES,2020,34
3W,VISHWAKARMA GNG INDUSTRY,2020,19
3W,VOLMAC ENGINEERING PVT LTD,2020,2
3W,VOLTAIC INDUSTRIES PVT LTD,2020,6
LMV,VOLTAS LIMITED,2020,1
3W,VRINDA ENTERPRISES,2020,191
3W,VVA AUTO INDUSTRIES PVT LTD,2020,1
3W,WELKIN HEALTHCARE PVT LTD,2020,68
3W,XXPLORE AUTOMATIVE PVT LTD,2020,1
3W,XXPLORE AUTOMOTIVE PVT. LIMITED,2020,43
3W,YAARI AUTOMOBILES PVT LTD,2020,88
3W,YC ELECTRIC VEHICLE,2020,9543
LMV,YC ELECTRIC VEHICLE,2020,2
3W,YC ELECTRIC VEHICLE PVT LTD,2020,8
3W,YUVRAJ INTERNATIONAL,2020,3
3W,ZBEE INDIA PVT LTD,2020,2
3W,ZENIAK INNOVATION INDIA LTD,2020,1281
3W,ZESAR MOTORS PVT LTD,2020,8
3W,3EV INDUSTRIES PVT LTD,2021,112
3W,3S INDUSTRIES PRIVATE LIMITED,2021,43
3W,A K AUTTO ELECTRICAL,2021,5
3W,A K GUPTA & CO.,2021,256
3W,A P I MOTORS PVT LTD,2021,20
3W,A.V.AUTOMOTIVES PVT LTD,2021,677
3W,A3T INCORPORTED,2021,17
3W,AADHYA ENTERPRISES,2021,6
3W,AAHANA COMMERCE PVT LTD,2021,202
3W,AARGEE ELECTRIC,2021,10
3W,ACCRETION POWER AUTOS,2021,207
3W,ADAPT MOTORS PVT LTD,2021,1
3W,ADIDEV TECHNOA PVT LTD,2021,34
3W,ADITYA AGRO INDUSTRIES,2021,1
3W,ADITYA ENTERPRISES,2021,5
3W,ADITYA SAI INDUSTRIES,2021,53
2W,ADRIS ELECTRIC PVT LTD,2021,65
2W,AFTEK MOTORS INDIA PVT LTD,2021,8
3W,AGRAWAL RENEWABLE ENERGY PVT LTD,2021,1
2W,AJAY ENGINEERING AND AGRICULTURAL EQUIPMENT CO.,2021,1
3W,ALLFINE INDUSTRIES PVT LTD,2021,2370
3W,ALTIER ELECTRIC VEHICLES PVT LTD,2021,381
3W,ALTIGREEN PROPULSION LABS PVT LTD,2021,144
LMV,ALTIGREEN PROPULSION LABS PVT LTD,2021,2
3W,ALTIUS TECHNOLOGIES,2021,29
3W,AMAN AUTOMOBILES,2021,64
3W,AMAN ELECTRIC VEHICLES,2021,63
3W,AMBIKA ENTERPRISES,2021,113
3W,AMBIKA INDUSTRIES,2021,981
2W,AMPERE VEHICLES PRIVATE LIMITED,2021,12470
2W,AMPERE VEHICLES PVT LTD,2021,315
3W,ANJALI AUTO COMPONENTS,2021,11
3W,ANJALI TRADERS,2021,79
3W,ANKUSH AUTO DEALS,2021,111
3W,APARNA INDUSTRIES,2021,96
3W,APM AUTO SALES,2021,221
3W,APSARA ENTERPRISE,2021,418
3W,ARCHIT ENTERPRISES,2021,203
3W,ARD EXIM,2021,24
3W,ARMAN GREEN VEHICLES PVT LTD,2021,31
3W,ARNA ELECTRIC AUTO PVT LTD,2021,373
3W,ARROW AUTOMOTIVE,2021,1276
LMV,ARROW AUTOMOTIVE,2021,1
3W,ASHA IMPEX,2021,35
3W,ASHWA ELECTRIC,2021,4
2W,ATHER ENERGY PVT LTD,2021,15930
2W,ATOMEX E-MOTORS INDIA PVT LTD,2021,17
3W,ATTOLENT AUTO GROUP PVT LTD,2021,132
3W,ATUL AUTO LTD,2021,893
3W,ATUT SANGAM,2021,431
LMV,AUDI AG,2021,43
3W,AUTOHAUS PRIVATE LIMITED,2021,326
3W,AUTOLITE (INDIA) LIMITED,2021,139
3W,AVL ELECTRIC VEHICLES PVT LTD,2021,957
3W,AVON CYCLE LTD INDIA,2021,13
3W,AVON CYCLES LTD,2021,470
3W,BABA E-VEHICLES,2021,39
3W,BAGHWAN RIKSHAW UDYOG,2021,7
2W,BAJAJ AUTO LTD,2021,4633
3W,BAJAJ IMPLEMENTS PVT. LTD,2021,42
3W,BAJAJ TEMPO LIMITED,2021,1
3W,BAL GOPAL WHEELS PVT LTD,2021,86
3W,BALAN ENGINEERING PVT LTD,2021,13
3W,BALI AUTO INDUSTRIES,2021,237
2W,BENLING INDIA ENERGY AND TECHNOLOGY PVT LTD,2021,4758
3W,BENTINCK INDUSTRIES PVT. LTD.,2021,91
3W,BEST WAY AGENCIES PVT LTD,2021,5022
3W,BESTWAY AGENCIES PVT LTD,2021,179
3W,BESTWAY BANARASH,2021,21
3W,BHADAURIA ENTERPRISES,2021,6
3W,BHAVE ELECTRIC VEHICLES PVT LTD,2021,456
3W,BHM INDUSTRIES,2021,456
3W,BIG BULL TRADER PVT LTD,2021,227
3W,BIJNOR ENTERPRISES,2021,4
2W,BLIX CYCLES AND E-VEHICLES PVT LTD,2021,8
3W,BRIGHT AUTOZONE PVT LTD,2021,1708
3W,BRIGHT METAL WORKS,2021,4
LMV,BYD INDIA PRIVATE LIMITED,2021,2
3W,C M OVERSEAS,2021,21
3W,CART INDIA,2021,26
3W,CEEON INDIA,2021,213
3W,CELLETRON MOTOR WORKS,2021,9
3W,CHAMPION POLY PLAST,2021,6672
LMV,CHAMPION POLY PLAST,2021,2
2W,CHANDANA CORPORATION,2021,133
3W,CHARUVIKRAM AUTOMOBILE PVT LTD,2021,22
3W,CHAUHAN AUTO INDUSTRIES,2021,118
3W,CHEHAK BATTERIES,2021,62
3W,CITADEL ENTERPRISES(OPC) PVT LTD,2021,28
3W,CITYGREEN AUTO & PETRO CHEMICALS (P) LTD,2021,586
3W,CONTINENTAL ENGINES PVT LTD,2021,92
3W,CYRUS AUTO INDUSTRIES PVT LTD,2021,7
3W,D S INDUSTRIES,2021,31
3W,DAKSH INDUSTRIES,2021,1125
3W,DASHMESH TRADERS,2021,55
3W,DAVE EXIM PVT LTD,2021,285
3W,DD AUTO PVT LTD,2021,8
3W,DE EUSI MOTORS PVT LTD.,2021,345
3W,DEEP DRAWN TECHNOLOGIES,2021,3
3W,DELTA AUTOCORP LLP,2021,755
3W,DESMOTO ELECTRICS PVT LTD,2021,30
3W,DHAR INTERNATIONAL,2021,141
3W,DIAMOND E VEHICLES,2021,26
3W,DILLI ELECTRIC AUTO PVT LTD,2021,5361
LMV,DILLI ELECTRIC AUTO PVT LTD,2021,1
3W,DIVANSHU AUTOMOBILES LIMITED,2021,2
3W,DIVANSU AUTOMOBILES LTD,2021,33
3W,DIVYA ENTERPRISES,2021,416
3W,DIWA GREEN TECHNOLOGY PVT LTD,2021,2
3W,DSF INDUSTRIES PVT LTD,2021,17
3W,DUKE AUTO INDIA,2021,428
3W,DYNAVOLT TECHNOLOGY INDIA LTD,2021,11
3W,DYS IMPEX PRIVATE LIMITED,2021,121
3W,E ROYCE MOTORS INDIA PVT LTD,2021,448
3W,E-ASHWA AUTOMOTIVE PVT LTD,2021,74
3W,ECO DYNAAMIC EQUIPMENTS,2021,19
2W,ECO FUEL SYSTEMS (I) PVT LTD,2021,280
3W,ECO SMART VEHICLES PVT LTD,2021,154
3W,ECO-FRIENDLY ELECTRIC VEHICLE PVT LTD,2021,9
3W,ECOYAN ELECTRIC MOTOR VEHICLES PVT LTD,2021,8
3W,EDMRC MANNSCHAFT LLP,2021,36
3W,EEVEE ENGINEERING PVT LTD,2021,14
2W,ELECTRECA VEHICLES,2021,40
3W,ELECTRECA VEHICLES,2021,9
3W,ELECTROTHERM (INDIA) LIMITED,2021,35
3W,ELEPHANTA INDUSTRIES PVT LTD,2021,18
3W,ELITE AUTO ENGINEERS PVT LTD,2021,229
2W,ELTHOR ENERGY PRIVATE LIMITED,2021,402
2W,EMOBI MANUFACTURY PRIVATE LIMITED,2021,3
3W,E-MOTION AUTOMOTIVE INDUSTRY LLP,2021,108
3W,ENERGY ELECTRIC VEHICLES,2021,3070
3W,ENGINIA VEHICLES PVT LTD,2021,1
3W,ENTICE IMPEX PVT LTD,2021,148
3W,EPOWER VEHICLES PVT LTD,2021,62
LMV,ESCORTS KUBOTA LIMITED (AGRI MACHINERY GROUP),2021,1
3W,ETRIO AUTOMOBILES PVT LTD,2021,75
3W,EULER MOTORS PVT LTD,2021,119
3W,EVEX AUTO INDIA PVT LTD,2021,134
3W,EVOLUTION AUTOTECH,2021,5
3W,EXIDE INDUSTRIES LTD,2021,519
3W,EXTRA FAST SOLUTIONS,2021,214
3W,EXTREME MOTORS,2021,15
3W,FITWEL MOBILITY PVT LTD,2021,1
3W,FIVE ELEMENTS,2021,1
3W,G & G AUTOMOTIVE,2021,447
3W,G WILLIAMS FABRICATIONS LTD,2021,1
3W,G.K. RICKSHAW,2021,2491
3W,GAURI AUTO INDIA PVT. LTD,2021,6
3W,GAYAM MOTOR WORKS PRIVATE LIMITED,2021,63
3W,GAYATRI ELECTRIC VEHICLES,2021,428
3W,GEO ALLIANCE,2021,4
3W,GKON ELECTRIC MOTOR VEHICLES PVT LTD,2021,392
2W,GO GREEN EOT (ENERGY OF THINGS) PVT LTD,2021,9
3W,GODAWARI TECHNO SOLUTIONS PVT LTD,2021,55
LMV,GODREJ AND BOYCE MFG CO LTD,2021,1
3W,GOENKA ELECTRIC MOTOR VEHICLES PVT LTD,2021,743
3W,GOODWILL HI PRECISION WORKS PVT LTD,2021,10
3W,GOPAL AUTO MOTORS PVT LTD,2021,518
2W,GOREEN E-MOBILITY PVT LTD,2021,1409
3W,GRAM TARANG EMPLOYABILITY TRAINNING SERVICES P LTD,2021,21
3W,GRD MOTORS,2021,1546
3W,GREEN IMPEX,2021,3
3W,GREEN KAIKETSU AUTOMATIVE IND,2021,3
3W,GREEN KAIKETSU AUTOMOTIVE INDIA PVT LTD,2021,14
3W,GREEN SHUTTLE TECHNOLOGY PVT LTD,2021,39
3W,GREEN STAR MOTORS,2021,24
3W,GREEN TECHNOLOGIES,2021,129
3W,GREEN VALLEY MOTORS,2021,13
3W,GREEN WAY ECO RIDE,2021,1
3W,GREENTECH AUTO LLP,2021,6
3W,GREENWHEELS AUTOMOBILE PVT LTD,2021,505
3W,GRG SMART VEHICLE PVT LTD,2021,4
3W,GURU JI WHEELS,2021,118
3W,GURUKIRPA INDUSTRIES,2021,53
3W,HAARISH AUTOMOTIVES (OPC) PRIVATE LIMITED,2021,2
3W,HARSH TRADING CO,2021,75
2W,HERO ELECTRIC VEHICLE PVT LTD,2021,3058
2W,HERO ELECTRIC VEHICLES PVT. LTD,2021,46260
3W,HERO ELECTRIC VEHICLES PVT. LTD,2021,3
3W,HIM TEKNOFORGE LTD,2021,151
3W,HINDUSTAN MOTOR CORPORATION,2021,528
3W,HITECH  MECHANICAL WORKS,2021,28
3W,HI-TECH INDUSTRIES,2021,441
3W,HITEK ELECTRIC AUTO CO,2021,2
3W,HOOGHLY MOTORS PVT LTD,2021,1091
3W,HOP MOTORS PVT LTD,2021,69
3W,HOTAGE INDIA,2021,1046
3W,HOVEL CYLINDER PVT LTD,2021,13
3W,HUNDAL INDUSTRIES,2021,399
3W,HYKON INDIA LTD,2021,159
LMV,HYUNDAI MOTOR INDIA LTD,2021,165
3W,INDIAN MOTORS,2021,350
2W,IRA EDUTECH PVT LTD,2021,78
3W,J P AUTO TECH,2021,50
3W,J. S. AUTO (P) LTD,2021,3075
3W,JADE KOREA SPINE LIFE,2021,67
LMV,JAGUAR LAND ROVER INDIA LIMITED,2021,27
3W,JAIDKA POWER SYSTEMS PVT LTD,2021,180
3W,JAIN POWER CORP,2021,33
3W,JAISIK BUSINESS LINKS PVT LTD,2021,176
3W,JAJODIA COMMODITIES PVT LTD,2021,224
3W,JAYDEV ENTERPRISE,2021,42
LMV,JAYEM AUTOMOTIVES PVT LTD,2021,49
3W,JESSUN TECHNO PVT LTD,2021,84
2W,JIANGSU XINRI E-VEHICLE(IMPORTER SWIFT CUR.TECH.),2021,2
2W,JITENDRA NEW EV-TECH PVT. LTD,2021,1967
3W,JITENDRA NEW EV-TECH PVT. LTD,2021,75
3W,JITENDRA TEMPO PARTS,2021,601
3W,JOYRAM STEEL FABRICATION WORKS,2021,5
3W,JS MOBILEON PVT LTD,2021,115
3W,K T ENTERPRISES,2021,129
3W,K. V. INDUSTRIES,2021,10
2W,KABIRA MOBILITY LLP,2021,5
3W,KABMAX ELECTRIC AUTOMOBILES PVT. LTD,2021,78
3W,KALIKA VAHAN PVT LTD,2021,17
3W,KALINGA VENTURES INDIA PVT LTD,2021,31
3W,KALPVRIKSH ELECTOMOBILES CO,2021,83
3W,KAMAZ INDUSTRIES,2021,9
3W,KANIFA AUTOMOTIVE PVT LTD,2021,1
3W,KAPTECH INDIA PVT LTD,2021,888
3W,KERALA AUTOMOBILES LIMITED,2021,73
3W,KETO MOTORS PVT LTD,2021,190
LMV,KETO MOTORS PVT LTD,2021,1
3W,KGN,2021,76
3W,KHALSA  AGRO INDUSTRIES,2021,7
3W,KHALSA E-VEHICLES PVT LTD,2021,1214
3W,KHEMRAJ AUTOMOTIVE INDUSTRIES,2021,7
3W,KINETIC GREEN ENERGY & POWER SOLUTIONS LTD,2021,835
LMV,KINETIC GREEN ENERGY & POWER SOLUTIONS LTD,2021,840
3W,KINETIC GREEN ENERGY P SOL LTD,2021,136
3W,KIRTI SOLAR LTD,2021,391
2W,KLB KOMAKI PVT LTD,2021,1175
3W,KLB KOMAKI PVT LTD,2021,34
3W,KPT INDUSTRIES LTD,2021,4
3W,KRANTI AUTOMOBILES LTD,2021,5
3W,KRISHNA ENGINEERING WORKS,2021,530
3W,KRISHNA INDUSTRIES,2021,37
3W,KRISHNA VEHICALS,2021,25
3W,KUKU AUTOMOTIVES,2021,203
3W,KUMAR ENGINEERING,2021,314
3W,LAKSHYA AUTO SALES CORPORATION,2021,33
3W,LAKSHYA MOTORS,2021,3
3W,LAWAT MOTORS LLP,2021,301
3W,LAXMI E-RICKSHAW COMPANY,2021,18
3W,LECTRIX EV PVT LTD,2021,876
2W,LI-IONS ELEKTRIK SOLUTIONS PVT LTD,2021,5
LMV,LOCAL TRAILER MANUFACTURER,2021,1
2W,LOG 9 MATERIALS SCIENTIFIC PVT LTD,2021,21
3W,LOHIA AUTO INDUSTRIES,2021,511
3W,LOHIA AUTO INDUSTRIES LTD.,2021,30
3W,LORDS VEHICLE MFG PVT LTD,2021,65
3W,M G INDUSTRIES,2021,5
3W,M.K. ENTERPRISES,2021,305
LMV,M.K. ENTERPRISES,2021,1
3W,M/S SHRIRAM AUTO TECH PVT LTD,2021,787
3W,M/S TRISHIKA INDUSTRIES,2021,3
2W,M2GO ELECTRIC VEHICLE PVT LTD,2021,38
3W,M2J E VAHAN PVT LTD,2021,105
3W,MAA KALPANA ENTERPRISE,2021,11
3W,MAA SHAKTI EXIM PVT LTD,2021,1804
3W,MAC AUTO INDIA,2021,289
LMV,MACNEILL ENGG LTD,2021,6
3W,MAHI ENTERPRISES,2021,13
3W,MAHINDRA & MAHINDRA LIMITED,2021,3860
LMV,MAHINDRA & MAHINDRA LIMITED,2021,115
3W,MAHINDRA ELECTRIC MOBILITY LIMITED,2021,6711
LMV,MAHINDRA ELECTRIC MOBILITY LIMITED,2021,82
3W,MAHTAB BODY MAKER,2021,7
3W,MALI ENTERPRISES PVT LTD,2021,84
3W,MANISH EV INTERNATIONAL PRIVATE LIMITED,2021,28
3W,MANITA CITY MOTORS LLP,2021,396
3W,MANMOHAN KAUR,2021,6
3W,MARINE NAVAIDS & SOLAR AUTO PVT LTD,2021,2
LMV,MERCEDES -BENZ AG,2021,26
2W,MEW ELECTRICALS LIMITED,2021,1842
LMV,MG MOTOR INDIA PVT LTD,2021,2384
2W,MICROCON I2I PVT LTD,2021,94
3W,MINI METRO,2021,221
3W,MINI METRO EV L.L.P,2021,3447
3W,MLR AUTO LTD,2021,35
3W,MOHAN GENERAL TRADING COMPANY,2021,39
3W,MONDAL TRADING,2021,68
3W,MOTRAC MOTORS PVT LTD,2021,111
3W,MULTI DIMENSIONAL SOLUTIONS,2021,10
3W,N0VA AUTOMOTIVE TECHNOLOGIES PVT. LTD,2021,288
3W,NABH MOTORS PVT LTD,2021,5
3W,NAMAH INDUSTRIES PVT LTD,2021,9
3W,NB TURNED  COMPONENTS PVT LTD,2021,2
2W,NDS ECO MOTORS PVT LTD,2021,96
3W,NEEDLE EYE PLASTIC INDUSTRIES PVT LTD,2021,354
3W,NEW ARCANA INDIA,2021,602
3W,NEWTON INDIA INDUSTRIES PVT LTD,2021,12
2W,NEXZU MOBILITY PVT LTD,2021,16
3W,NGAGE IMPEX PVT LTD,2021,1
3W,NGAGE WHEEL PVT LTD,2021,7
3W,NHD MOTORS,2021,265
3W,NIBE MOTORS PVT LTD,2021,1
3W,NIPUN SANYANTRA PVT LTD,2021,290
3W,NIRMAL UTILITY SERVICES PVT LTD,2021,43
2W,NISIKI TECHNOLOGIES PVT LTD,2021,12
3W,NRJ ELECTRIC MOTOR VEHICLES PVT LTD,2021,760
2W,ODYSSE ELECTRIC VEHICLES PVT LTD,2021,81
3W,OGATA MOTORS INDIA PVT LTD,2021,168
3W,OK PLAY INDIA LTD,2021,6
2W,OKINAWA AUTOTECH PVT LTD,2021,30659
2W,OLA ELECTRIC TECHNOLOGIES PVT LTD,2021,240
LMV,OLECTRA GREENTECH LTD,2021,1
3W,OLYMPUS INDUSTRIES PVT LTD,2021,10
2W,OM BALAJEE AUTOMOBILE ( INDIA) PVT. LTD,2021,1
3W,OM BALAJEE AUTOMOBILE ( INDIA) PVT. LTD,2021,1448
3W,OM BALAJI AUTOMOBILES I P LTD,2021,24
3W,OM PACKAGING,2021,6
3W,OM RAJ AUTOTECH LLP,2021,795
3W,OM. INDUSTRIES,2021,4
3W,OMEGA SALES & AGRO INDUSTRIES,2021,12
3W,OMEGA SEIKI PVT LTD,2021,317
LMV,OMEGA SEIKI PVT LTD,2021,32
2W,OTHERS,2021,8541
3W,OTHERS,2021,777
LMV,OTHERS,2021,162
3W,PAARTH SARTHI AUTOMOTIVE ENGINEERS PVT LTD,2021,21
3W,PACE AGRO PRIVATE LIMITED,2021,66
3W,PANSEN ENGINEERING INDIA PVT LTD,2021,47
3W,PANTHER ELECTRIC VEHICLES,2021,33
3W,PARAS INDUSTRIES,2021,317
3W,PARI E-VEHICLES,2021,160
3W,PARI METRO E RICKSHAW,2021,301
3W,PARVEEN AUTO,2021,181
3W,PASHUPATI VEHICLES PVT LTD,2021,2
3W,PATS MOTOR CORP,2021,28
3W,PIAGGIO VEHICLES PVT LTD,2021,2247
LMV,PIAGGIO VEHICLES PVT LTD,2021,19
3W,PILLING RIG,2021,1
3W,PLAUDIT TECHNO INDIA PVT LTD,2021,206
MMV,PMI ELECTRO MOBILITY SOLUTIONS PRIVATE LIMITED,2021,1
3W,POOSHPAK AUTOMOBILES PVT LTD,2021,2
3W,PRAAKARM AUTO & CONSTRUCTION EQUIPMENTS,2021,30
3W,PRAG MOTORS,2021,2
3W,PRAKASH ENTERPRISES,2021,48
3W,PRESTANTIA CREATIONS PVT LTD,2021,21
3W,PRIDE E-MOTORS,2021,16
3W,PUBANG ETRON ELECTRIC MOTOR PVT LTD,2021,457
3W,PUNEET OVERSEAS  INC,2021,13
2W,PUR ENERGY PVT LTD,2021,11044
3W,PURVA UDYOG PVT LTD,2021,13
3W,PYTHOX MOTORS PVT LTD,2021,45
3W,R3 ENTERPRISES,2021,96
3W,RACCOON MOTORS PVT LTD,2021,35
3W,RAHUL AGRO EXPORTS PVT LTD,2021,18
3W,RAJ AUTOMOTIVE,2021,26
3W,RAJESH STEEL AND WIRE INDUSTRIES,2021,32
3W,RAJIV RAJ VEHICLES PVT LTD,2021,17
3W,RAMON INDUSTRIES,2021,54
3W,RANA ENGINEER WORKS,2021,5
3W,RASANDIK ENGINEERING INDUSTRIES INDIA LTD,2021,10
3W,RASIWASIA RASAYAN PVT LTD,2021,1
3W,RAYON ENGINEERS,2021,27
3W,RCJ AUTO FORGE PVT LTD,2021,54
3W,RD AND CO,2021,3
3W,REEP INDUSTRIES PVT LTD,2021,3397
3W,REFLEX CONTROL SYSTEM PVT .LTD,2021,41
3W,REPUBLIC MOTORS,2021,105
LMV,REPUBLIC MOTORS,2021,1
2W,REVOLT INTELLICORP PVT LTD,2021,4704
2W,RGM BUSINESS PLUS PVT LTD,2021,408
3W,RIBAND ELECTRIC PVT LTD,2021,18
3W,RIYA ENTERPRISE,2021,2
3W,ROARLEO MOTOR PVT LTD,2021,43
2W,ROWWET MOBILITY PVT LTD,2021,60
3W,RSD SECURITY SOLUTIONS PVT LTD,2021,11
3W,RUTBA PRODUCT PVT LTD,2021,415
3W,S AND J INDUSTRIES,2021,49
3W,S S GLOBAL,2021,61
3W,S.V AUTOMOTIVE,2021,9
3W,SAERA ELECTRIC AUTO PVT LTD,2021,7098
3W,SAINIK CYCLE MART,2021,7
3W,SAKSHAM TECH AUTOMOBILES,2021,6
3W,SAKSHAM TRADING COMPANY,2021,31
3W,SAMEER ENGINEERING,2021,2
3W,SAMRAT ELECTRIC VEHICLE,2021,37
3W,SATHI MOTORS ELECTRIC VEHICLE PVT LTD,2021,565
2W,SBTEK E MOTO PVT LTD,2021,46
3W,SCOOTERS INDIA LTD,2021,4
3W,SEALION AUTOMOBILE PVT LTD,2021,22
3W,SEN AND PANDIT VOLTAGE CONTROL PVT LTD,2021,23
3W,SETH INDUSTRIAL CORPORATION,2021,130
3W,SETHJI INDUSTRIES,2021,4
3W,SGLLINE MOTORS PVT LTD,2021,28
3W,SHAKTI AUTO GREEN,2021,281
3W,SHIGAN EVOLTZ LTD,2021,505
LMV,SHIGAN EVOLTZ LTD,2021,9
3W,SHINE METAL UDYOG PVT LTD (UNIT- II),2021,10
3W,SHIV OM INDIA,2021,23
3W,SHREE MARUTI NANDAN BUSINESSS (P) LTD,2021,17
3W,SHREYA ENGINEERS,2021,43
3W,SHRI BALAJI ENTERPRISES,2021,1
3W,SHRI BARSANA E-VEHICLES PVT LTD,2021,645
3W,SHRI NAMO ELECTRIC AUTOMOTIVE,2021,214
3W,SHRI SHIVSHANKAR ENTERPRISES,2021,2
3W,SHRIRAJ ELECTRIC VEHICLES,2021,1318
3W,SINGHAL ENTERPRISES,2021,46
3W,SIRF INDIA VEHICLES PVT LTD,2021,24
3W,SITYOG ENGINEERING PVT LTD,2021,1
3W,SIWACH STEEL PVT LTD,2021,47
3W,SKS TRADE INDIA PVT LTD,2021,2236
3W,SKYRIDE AUTOMOTIVE,2021,520
3W,SMART ELECTRO MOTORS,2021,38
3W,SN SOLAR ENERGY,2021,44
3W,SONI E VEHICLE PVT LTD,2021,74
3W,SPEEDWAYS ELECTRIC,2021,3
3W,SPEEGO VEHICLES CO PVT LTD,2021,1877
3W,SPEEGO VEHICLES PVT. LTD,2021,73
3W,SRD RENEWABLES,2021,481
2W,SRIVARU MOTORS PVT LTD,2021,77
3W,SSB INDISTRIES,2021,603
3W,STAR BULL E MOTORS,2021,434
3W,STAR IGLOBAL AUTOMOTIVE PVT LTD,2021,81
3W,SUGANJI RARA ELECTRIC VEHICLE PVT LTD,2021,10
3W,SUMFONL AUTO TRADERS PVT LTD,2021,78
3W,SUNLECTRA AUTO,2021,1
3W,SUNULTRA POWER SOLUTIONS PVT LTD,2021,28
3W,SUPER METRO INDUSTRIES,2021,94
2W,SUPERECO AUTOMOTIVE CO,2021,8
3W,SUPERECO AUTOMOTIVE CO,2021,134
3W,SUPERTECH EV LIMITED,2021,356
3W,SUPREME SMART POWER PVT LTD,2021,64
3W,SWARNCHAKRA AUTOMOBILES PVT LTD,2021,15
3W,SYNDICATE AUTO COMPONENTS,2021,58
3W,T U K INDUSTRIES,2021,326
LMV,TATA MOTORS LTD,2021,10033
MMV,TATA MOTORS LTD,2021,253
3W,TAURUS ELECTRIC VEHICLES,2021,76
3W,TEJASGREEN AUTOMOTIVE PVT LTD,2021,7
LMV,TELSA INC,2021,1
3W,TERRA MOTORS INDIA PVT LTD,2021,3404
3W,THE COMMERCIAL MOTORS LIMITED,2021,38
3W,THUKRAL ELECTRIC BIKES PVT LTD,2021,3895
3W,TOP TEAM MACHINES PVT LTD,2021,943
LMV,TOYOTA KIRLOSKAR MOTOR PVT LTD,2021,6
LMV,TOYOTA MATERIAL HANDLING INDIA PVT LTD,2021,3
3W,TRINITY ELECTRIC VEHICLES PVT LTD,2021,13
3W,TRISHIKA INDUSTRIES,2021,416
3W,TRUPART AUTOMOTIVE INDIA PVT LTD,2021,2
3W,TSR TRADE COM,2021,35
3W,TUFAN MOTORS PVT LTD,2021,193
2W,TUNWAL E MOTORS PVT LTD,2021,1
2W,TVS MOTOR COMPANY LTD,2021,5258
3W,TWASHTRE AUTOMOTIVE PVT LTD,2021,6
3W,TWINKLE TRADCOM PVT LTD,2021,311
3W,TWO FRIENDS AUTO ELECTRIC CO,2021,940
2W,TYST DRIVE INDIA PVT LTD,2021,25
3W,U.P. TELELINKS LIMITED,2021,499
3W,UMA  AUTO INDUSTRIES PVT. LTD,2021,1
3W,UMA MOTORS,2021,72
3W,UNICORN DIGITAL SYSTEMS PVT LTD,2021,3
3W,UNIQUE ENTERPRISES,2021,778
3W,UNIQUE INTERNATIONAL,2021,3988
3W,UNITED TRANSMOVERS PVT LTD,2021,226
3W,V.T. ENGINEERING,2021,59
3W,V.V.A.AUTO INDUSTRIES PVT.LTD,2021,78
3W,VAHAK FUTURE SOLUTIONS LLP,2021,12
3W,VANI ELECTRIC VEHICLES PVT LTD,2021,3924
3W,VEANCO AUTOMOTIVES PVT LTD,2021,1
LMV,VEANCO AUTOMOTIVES PVT LTD,2021,1
3W,VEECTERO E VEHICLES LLP,2021,24
3W,VENUS AUTO WHEELS PVT LTD,2021,329
3W,VGLAN BUILDCON PRIVATE LIMITED,2021,27
3W,VICTORIA E VEHICLES PVT. LTD,2021,1
3W,VICTORY ELECTRIC INTERNATIONAL,2021,1243
3W,VIJAYA ELECTRIC AUTO PVT LTD,2021,35
3W,VIJAYS COOLMAX PRIVATE LIMITED,2021,26
3W,VIJAYSHREE AUTOCOM LIMITED,2021,67
3W,VIMAL UNIVERSAL TRADE PVT LTD,2021,130
3W,VINCI INDUSTRIAL CORPORATION,2021,12
3W,VISHAL ENTERPRISES,2021,100
3W,VISHWAKARMA GNG INDUSTRY,2021,3
3W,VRINDA ENTERPRISES,2021,113
3W,VSL INDUSTRIES,2021,44
3W,WELCOME E RICKSHAW,2021,2
3W,WELKIN HEALTHCARE PVT LTD,2021,22
2W,WHITE CARBON MOTORS PVT LTD,2021,21
3W,XXPLORE AUTOMATIVE PVT LTD,2021,1
3W,XXPLORE AUTOMOTIVE PVT. LIMITED,2021,39
3W,YAARI AUTOMOBILES PVT LTD,2021,58
3W,YC ELECTRIC VEHICLE,2021,15793
3W,YC ELECTRIC VEHICLE PVT LTD,2021,1
3W,YUVRAJ INTERNATIONAL,2021,4
3W,ZBEE INDIA PVT LTD,2021,1
3W,ZENIAK INNOVATION INDIA LTD,2021,931
3W,ZENTHIUM EV PVT LTD,2021,118
3W,ZESAR MOTORS PVT LTD,2021,15
3W,3EV INDUSTRIES PVT LTD,2022,390
3W,3S INDUSTRIES PRIVATE LIMITED,2022,68
3W,A K AUTTO ELECTRICAL,2022,3
3W,A K GUPTA & CO.,2022,433
3W,A P I MOTORS PVT LTD,2022,93
3W,A.V.AUTOMOTIVES PVT LTD,2022,1451
3W,A3T INCORPORTED,2022,8
3W,AADHYA ENTERPRISES,2022,516
3W,AADITYA GARBAGE PRODUCTS PVT LTD,2022,10
3W,AAHANA COMMERCE PVT LTD,2022,309
3W,AARGEE ELECTRIC,2022,13
3W,ACCRETION POWER AUTOS,2022,608
3W,ADAPT MOTORS PVT LTD,2022,3
3W,ADIDEV TECHNOA PVT LTD,2022,168
3W,ADITYA ENTERPRISES,2022,3
3W,ADITYA SAI INDUSTRIES,2022,129
2W,ADRIS ELECTRIC PVT LTD,2022,226
2W,AFTEK MOTORS INDIA PVT LTD,2022,186
3W,AGRAWAL RENEWABLE ENERGY PVT LTD,2022,1
3W,AJAY MOTORS PRIVATE LIMITED,2022,33
3W,ALBEDO VISION PVT LTD,2022,14
3W,ALLFINE INDUSTRIES PVT LTD,2022,5884
3W,ALTIER ELECTRIC VEHICLES PVT LTD,2022,1626
3W,ALTIGREEN PROPULSION LABS PVT LTD,2022,699
2W,ALTIUS EV TECH PVT LTD,2022,67
3W,ALTIUS TECHNOLOGIES,2022,9
3W,AMAN AUTOMOBILES,2022,30
3W,AMAN ELECTRIC VEHICLES,2022,39
3W,AMBIKA ENTERPRISES,2022,92
3W,AMBIKA INDUSTRIES,2022,1159
2W,AMO MOBILITY SOLUTIONS PVT LTD,2022,1497
2W,AMPERE VEHICLES PRIVATE LIMITED,2022,79857
2W,AMPERE VEHICLES PVT LTD,2022,2390
2W,ANCHI MOTORCYCLE  (IMPORTER: ECOTRINITY AUTOMOBILE,2022,6
3W,ANJALI AUTO COMPONENTS,2022,21
3W,ANJALI TRADERS,2022,75
3W,ANKUSH AUTO DEALS,2022,2
3W,APARNA INDUSTRIES,2022,86
3W,APM AUTO SALES,2022,399
3W,APSARA ENTERPRISE,2022,379
3W,ARCHIT ENTERPRISES,2022,564
3W,ARD EXIM,2022,41
LMV,ARD EXIM,2022,1
3W,ARMAN GREEN VEHICLES PVT LTD,2022,14
3W,ARNA ELECTRIC AUTO PVT LTD,2022,344
3W,ARROW AUTOMOTIVE,2022,2782
LMV,ARROW AUTOMOTIVE,2022,3
3W,ASHA IMPEX,2022,61
3W,ASHWA ELECTRIC,2022,1
3W,ASTER AUTOMOTIVE PVT LTD,2022,2
2W,ATHER ENERGY PVT LTD,2022,51808
2W,ATOMEX E-MOTORS INDIA PVT LTD,2022,3
3W,ATTOLENT AUTO GROUP PVT LTD,2022,456
3W,ATUL AUTO LTD,2022,2864
LMV,ATUL AUTO LTD,2022,2
3W,ATUT SANGAM,2022,943
LMV,AUDI AG,2022,115
3W,AUTOECO GREEN ENERGY PVT LTD,2022,21
3W,AUTOHAUS PRIVATE LIMITED,2022,485
3W,AUTOLITE (INDIA) LIMITED,2022,64
3W,AVL ELECTRIC VEHICLES PVT LTD,2022,1480
3W,AVON CYCLE LTD INDIA,2022,40
3W,AVON CYCLES LTD,2022,760
2W,AYAAN ELECTRONIC PVT LTD,2022,132
3W,BABA E-VEHICLES,2022,288
3W,BAGHWAN RIKSHAW UDYOG,2022,3
2W,BAJAJ AUTO LTD,2022,25318
3W,BAJAJ IMPLEMENTS PVT. LTD,2022,195
3W,BAL GOPAL WHEELS PVT LTD,2022,64
3W,BALAN ENGINEERING PVT LTD,2022,105
3W,BALI AUTO INDUSTRIES,2022,333
2W,BATTRE ELECTRIC MOBLITY PVT LTD,2022,516
2W,BENLING INDIA ENERGY AND TECHNOLOGY PVT LTD,2022,13130
3W,BENTINCK INDUSTRIES PVT. LTD.,2022,254
3W,BEST WAY AGENCIES PVT LTD,2022,6447
3W,BESTWAY AGENCIES PVT LTD,2022,141
3W,BESTWAY BANARASH,2022,12
2W,BGAUSS AUTO PRIVATE LIMITED,2022,1983
3W,BHADAURIA ENTERPRISES,2022,7
3W,BHAVE ELECTRIC VEHICLES PVT LTD,2022,1591
3W,BHM INDUSTRIES,2022,1028
3W,BIG BULL TRADER PVT LTD,2022,307
3W,BIJNOR ENTERPRISES,2022,52
2W,BLIX CYCLES AND E-VEHICLES PVT LTD,2022,45
LMV,BMW INDIA PVT LTD,2022,163
2W,BOOMA INNOVATIVE TRANSPORT SULUTIONS PVT LTD,2022,484
2W,BOUNCE ELECTRIC 1 PVT LTD,2022,4514
3W,BRIGHT AUTOZONE PVT LTD,2022,3702
3W,BRIGHT METAL WORKS,2022,7
LMV,BYD INDIA PRIVATE LIMITED,2022,453
3W,C M OVERSEAS,2022,34
3W,CART INDIA,2022,7
3W,CEEON INDIA,2022,394
3W,CELLETRON MOTOR WORKS,2022,11
3W,CHAMPION POLY PLAST,2022,13091
2W,CHANDANA CORPORATION,2022,426
3W,CHARUVIKRAM AUTOMOBILE PVT LTD,2022,6
3W,CHAUHAN AUTO INDUSTRIES,2022,406
3W,CHEHAK BATTERIES,2022,223
3W,CITADEL ENTERPRISES(OPC) PVT LTD,2022,36
3W,CITYGREEN AUTO & PETRO CHEMICALS (P) LTD,2022,827
3W,CONTINENTAL ENGINES PVT LTD,2022,571
LMV,CONTINENTAL ENGINES PVT LTD,2022,2
3W,CYRUS AUTO INDUSTRIES PVT LTD,2022,24
3W,D S INDUSTRIES,2022,46
3W,DAKSH INDUSTRIES,2022,3225
2W,DAO EVTECH PRIVATE LIMITED,2022,102
3W,DASHMESH TRADERS,2022,83
3W,DAVE EXIM PVT LTD,2022,243
3W,DD AUTO PVT LTD,2022,13
3W,DE EUSI MOTORS PVT LTD.,2022,720
3W,DEEP DRAWN TECHNOLOGIES,2022,4
3W,DELTA AUTOCORP LLP,2022,1334
3W,DESMOTO ELECTRICS PVT LTD,2022,1
3W,DHAR INTERNATIONAL,2022,104
3W,DIAMOND E VEHICLES,2022,303
2W,DILLI ELECTRIC AUTO PVT LTD,2022,2
3W,DILLI ELECTRIC AUTO PVT LTD,2022,13987
LMV,DILLI ELECTRIC AUTO PVT LTD,2022,2
3W,DIVANSU AUTOMOBILES LTD,2022,142
3W,DIVYA ENTERPRISES,2022,744
3W,DSF INDUSTRIES PVT LTD,2022,14
3W,DUKE AUTO INDIA,2022,610
3W,DYNAVOLT TECHNOLOGY INDIA LTD,2022,11
3W,DYS IMPEX PRIVATE LIMITED,2022,421
3W,E ROYCE MOTORS INDIA PVT LTD,2022,1381
3W,E-ASHWA AUTOMOTIVE PVT LTD,2022,129
3W,EBUZZ MOBILITY LLP,2022,1
3W,ECO DYNAAMIC EQUIPMENTS,2022,47
2W,ECO FUEL SYSTEMS (I) PVT LTD,2022,728
3W,ECO SMART VEHICLES PVT LTD,2022,453
3W,ECO-FRIENDLY ELECTRIC VEHICLE PVT LTD,2022,29
3W,ECOYAN ELECTRIC MOTOR VEHICLES PVT LTD,2022,4
3W,EDMRC MANNSCHAFT LLP,2022,49
3W,EEVEE ENGINEERING PVT LTD,2022,20
3W,EFEV CHARGING SOLUTION PVT LTD,2022,82
3W,E-GURU AUTO ENERGY,2022,12
2W,ELECTRECA VEHICLES,2022,93
3W,ELECTROTHERM (INDIA) LIMITED,2022,5
3W,ELEPHANTA INDUSTRIES PVT LTD,2022,49
3W,ELITE AUTO ENGINEERS PVT LTD,2022,509
2W,ELTHOR ENERGY PRIVATE LIMITED,2022,735
3W,E-MOTION AUTOMOTIVE INDUSTRY LLP,2022,367
3W,ENERGY ELECTRIC VEHICLES,2022,6263
2W,ENGTIAN ELECTRIC BIKE PVT LTD,2022,141
3W,ENTICE IMPEX PVT LTD,2022,188
3W,EPOWER VEHICLES PVT LTD,2022,43
LMV,ESCORTS KUBOTA LIMITED (AGRI MACHINERY GROUP),2022,1
3W,ETRIO AUTOMOBILES PVT LTD,2022,179
LMV,ETRIO AUTOMOBILES PVT LTD,2022,1
3W,EULER MOTORS PVT LTD,2022,647
LMV,EULER MOTORS PVT LTD,2022,7
LMV,EVAGE AUTOMOTIVE PVT LTD,2022,3
3W,EVBHARAT RANGE PRIVATE LIMITED,2022,15
3W,EVCO AUTOMOBILES PVT LTD,2022,57
3W,EVEX AUTO INDIA PVT LTD,2022,298
3W,EVOLUTION AUTOTECH,2022,2
2W,EVTRIC MOTORS PVT LTD,2022,162
2W,EXERVAL PVT LTD,2022,127
3W,EXIDE INDUSTRIES LTD,2022,1056
3W,EXTRA FAST SOLUTIONS,2022,401
3W,EXTREME MOTORS,2022,177
3W,FEDE INDUSTRIES PVT LTD,2022,395
2W,FIADO INDUSTRIES PVT LTD,2022,5
3W,FIRST CHOICE ELECTRIC VEHICLES PVT LTD,2022,268
3W,FITWEL MOBILITY PVT LTD,2022,31
3W,FIVE ELEMENTS,2022,23
3W,G & G AUTOMOTIVE,2022,699
3W,G WILLIAMS FABRICATIONS LTD,2022,2
3W,G. M. VEHICLE INDUSTRIES,2022,9
3W,G.K. RICKSHAW,2022,4151
3W,GAURI AUTO INDIA PVT. LTD,2022,10
3W,GAYATRI ELECTRIC VEHICLES,2022,2048
3W,GKON ELECTRIC MOTOR VEHICLES PVT LTD,2022,864
2W,GO GREEN EOT (ENERGY OF THINGS) PVT LTD,2022,7
3W,GOBIND INDUSTRIES PVT LTD,2022,12
3W,GODAWARI TECHNO SOLUTIONS PVT LTD,2022,86
3W,GOENKA ELECTRIC MOTOR VEHICLES PVT LTD,2022,644
3W,GOODWILL HI PRECISION WORKS PVT LTD,2022,25
3W,GOPAL AUTO MOTORS PVT LTD,2022,1054
2W,GOREEN E-MOBILITY PVT LTD,2022,5343
3W,GRAM TARANG EMPLOYABILITY TRAINNING SERVICES P LTD,2022,65
3W,GRD MOTORS,2022,2154
2W,GREAVES ELECTRIC MOBILITY PVT LTD,2022,410
3W,GREEN EVOLVE PVT LTD,2022,69
3W,GREEN IMPEX,2022,175
3W,GREEN KAIKETSU AUTOMATIVE IND,2022,1
3W,GREEN KAIKETSU AUTOMOTIVE INDIA PVT LTD,2022,5
3W,GREEN SHUTTLE TECHNOLOGY PVT LTD,2022,36
3W,GREEN STAR MOTORS,2022,15
3W,GREEN TECHNOLOGIES,2022,43
3W,GREEN VALLEY MOTORS,2022,14
3W,GREENTECH AUTO LLP,2022,6
3W,GREENWHEELS AUTOMOBILE PVT LTD,2022,905
3W,GURU JI WHEELS,2022,117
3W,GURUKIRPA INDUSTRIES,2022,57
3W,HAARISH AUTOMOTIVES (OPC) PRIVATE LIMITED,2022,12
3W,HARSH TRADING CO,2022,45
2W,HERO ELECTRIC VEHICLE PVT LTD,2022,2538
2W,HERO ELECTRIC VEHICLES PVT. LTD,2022,97828
3W,HERO ELECTRIC VEHICLES PVT. LTD,2022,1
2W,HERO MOTOCORP LTD,2022,182
3W,HIM TEKNOFORGE LTD,2022,449
3W,HINDUSTAN MOTOR CORPORATION,2022,1162
3W,HITECH  MECHANICAL WORKS,2022,2
3W,HITECH ELECTRIC AUTO CO,2022,2
3W,HI-TECH INDUSTRIES,2022,297
3W,HITEK ELECTRIC AUTO CO,2022,5
2W,HONDA MOTORCYCLE AND SCOOTER INDIA (P) LTD,2022,30
2W,HONGKONG YIXING (IMPORTER: ADMS MARKETING),2022,14
3W,HOOGHLY MOTORS PVT LTD,2022,2599
2W,HOP ELECTRIC MOBILITY PVT LTD,2022,2
3W,HOP MOTORS PVT LTD,2022,217
3W,HOTAGE INDIA,2022,4397
2W,HOUSTAN INNOVATION LLP,2022,33
LMV,HOUSTAN INNOVATION LLP,2022,2
3W,HOVEL CYLINDER PVT LTD,2022,21
3W,HUNDAL INDUSTRIES,2022,848
3W,HYKON INDIA LTD,2022,306
LMV,HYUNDAI MOTOR INDIA LTD,2022,619
LMV,"HYUNDAI MOTORS LTD, SOUTH KOREA",2022,5
3W,INDIA SAFE ENTERPRISE,2022,16
3W,INDIAN MOTORS,2022,1114
3W,INVVIGORS INDIA,2022,9
2W,IRA EDUTECH PVT LTD,2022,98
2W,IVOOMI INNOVATION PVT LTD,2022,627
2W,IZANAU ELECTRIC LLP,2022,32
3W,J P AUTO TECH,2022,82
3W,J S MOBILEON PVT LTD,2022,6
3W,J. S. AUTO (P) LTD,2022,6947
3W,JADE KOREA SPINE LIFE,2022,20
LMV,JAGUAR LAND ROVER INDIA LIMITED,2022,40
LMV,JAI BHAVANI ENGINEERING  WORKS,2022,1
3W,JAIDKA POWER SYSTEMS PVT LTD,2022,636
LMV,JAIDKA POWER SYSTEMS PVT LTD,2022,1
3W,JAIN POWER CORP,2022,64
3W,JAISIK BUSINESS LINKS PVT LTD,2022,224
3W,JAJODIA COMMODITIES PVT LTD,2022,396
3W,JAYDEV ENTERPRISE,2022,23
3W,JESSUN TECHNO PVT LTD,2022,155
2W,JIANGSU AIMA (IMPORTER: QUANTUM ENERGY),2022,31
2W,JIANGSU SUNHOU (IMPORTER: SABOO TOR),2022,1
2W,JIANGSU XINRI (IMPORTER: NISIKI TECHNOLOGIES),2022,12
2W,JIANGSU XINRI E-VEHICLE(IMPORTER SWIFT CUR.TECH.),2022,41
2W,JIANGSU ZHEENAIDA (IMPORTER: KLB GLOBAL),2022,496
2W,JITENDRA NEW EV-TECH PVT. LTD,2022,9553
3W,JITENDRA NEW EV-TECH PVT. LTD,2022,66
3W,JITENDRA TEMPO PARTS,2022,680
3W,JOYRAM STEEL FABRICATION WORKS,2022,3
3W,JS MOBILEON PVT LTD,2022,306
2W,JUNENG MOTORCYCLE (IMPORTER: ADMS MARKETING),2022,9
2W,JUNENG MOTORCYCLE (IMPORTER: ISCOOT MOTERS),2022,37
3W,K T ENTERPRISES,2022,292
3W,K. V. INDUSTRIES,2022,12
2W,KABIRA MOBILITY LLP,2022,107
3W,KABMAX ELECTRIC AUTOMOBILES PVT. LTD,2022,263
3W,KALIKA VAHAN PVT LTD,2022,2
3W,KALINGA VENTURES INDIA PVT LTD,2022,110
3W,KALPVRIKSH ELECTOMOBILES CO,2022,136
3W,KAMAZ INDUSTRIES,2022,61
3W,KAPTECH INDIA PVT LTD,2022,1433
3W,KCAS ELECTRIC VEHICLES PVT LTD,2022,47
3W,KERALA AUTOMOBILES LIMITED,2022,32
3W,KETO MOTORS PVT LTD,2022,130
3W,KGN,2022,321
3W,KGN INDUSTRIES,2022,47
3W,KHALSA  AGRO INDUSTRIES,2022,31
3W,KHALSA E-VEHICLES PVT LTD,2022,3712
3W,KHEMRAJ AUTOMOTIVE INDUSTRIES,2022,2
LMV,KIA INDIA PRIVATE LIMITED,2022,215
2W,KINETIC GREEN ENERGY & POWER SOLUTIONS LTD,2022,2085
3W,KINETIC GREEN ENERGY & POWER SOLUTIONS LTD,2022,2704
LMV,KINETIC GREEN ENERGY & POWER SOLUTIONS LTD,2022,8
3W,KINETIC GREEN ENERGY P SOL LTD,2022,316
LMV,KION INDIA PVT LTD,2022,4
3W,KIRAN AUTOMOBILE INDUSTRY,2022,10
3W,KIRTI SOLAR LTD,2022,101
2W,KLB KOMAKI PVT LTD,2022,3487
3W,KLB KOMAKI PVT LTD,2022,9
3W,KPT INDUSTRIES LTD,2022,9
3W,KPT MOTORS,2022,15
3W,KRANTI AUTOMOBILES LTD,2022,3
3W,KRISHNA ENGINEERING WORKS,2022,684
3W,KRISHNA INDUSTRIES,2022,41
3W,KRISHNA VEHICALS,2022,162
3W,KUKU AUTOMOTIVES,2022,338
3W,KUMAR ENGINEERING,2022,1317
2W,KYTE ENERGY PVT. LTD.,2022,18
3W,LAKSHYA AUTO SALES CORPORATION,2022,85
3W,LAKSHYA MOTORS,2022,9
3W,LAWAT MOTORS LLP,2022,396
3W,LAXMI E-RICKSHAW COMPANY,2022,7
2W,LECTRIX EV PVT LTD,2022,2350
3W,LECTRIX EV PVT LTD,2022,4646
LMV,LIUGONG INDIA PVT. LTD,2022,9
3W,LOHIA AUTO INDUSTRIES,2022,1523
3W,LOHIA AUTO INDUSTRIES LTD.,2022,185
3W,LORDS VEHICLE MFG PVT LTD,2022,114
3W,M G INDUSTRIES,2022,64
3W,M.K. ENTERPRISES,2022,477
3W,M/S JASRAJ AUTO AGENCY,2022,17
3W,M/S SHRIRAM AUTO TECH PVT LTD,2022,2205
3W,M/S SRISHTI AUTOMOBILES,2022,2
2W,M/S VISHNU CLEAN ENERGY VEHICLES LLP,2022,3
3W,M/S VISHNU CLEAN ENERGY VEHICLES LLP,2022,8
2W,M2GO ELECTRIC VEHICLE PVT LTD,2022,4
3W,M2J E VAHAN PVT LTD,2022,50
3W,MAA KALPANA ENTERPRISE,2022,17
2W,MAA LUXMI E-VEHICLES PVT. LTD.,2022,18
3W,MAA SHAKTI EXIM PVT LTD,2022,2865
3W,MAC AUTO INDIA,2022,469
LMV,MACNEILL ENGINEERING LIMITED,2022,1
3W,MAHI ENTERPRISES,2022,80
3W,MAHINDRA & MAHINDRA LIMITED,2022,13558
LMV,MAHINDRA & MAHINDRA LIMITED,2022,333
3W,MAHINDRA ELECTRIC MOBILITY LIMITED,2022,15931
LMV,MAHINDRA ELECTRIC MOBILITY LIMITED,2022,66
3W,MAHTAB BODY MAKER,2022,186
3W,MALI ENTERPRISES PVT LTD,2022,133
3W,MANISH EV INTERNATIONAL PRIVATE LIMITED,2022,173
3W,MANITA CITY MOTORS LLP,2022,854
3W,MANMOHAN KAUR,2022,39
3W,MARINE NAVAIDS & SOLAR AUTO PVT LTD,2022,14
3W,MARKUS,2022,2
2W,MARUTHISAN PVT LTD,2022,84
LMV,MERCEDES -BENZ AG,2022,60
LMV,MERCEDES-BENZ INDIA PVT LTD,2022,94
2W,MEW ELECTRICALS LIMITED,2022,3215
LMV,MG MOTOR INDIA PVT LTD,2022,3430
3W,MINI METRO,2022,362
2W,MINI METRO EV L.L.P,2022,1
3W,MINI METRO EV L.L.P,2022,10487
LMV,MINI METRO EV L.L.P,2022,1
2W,MIRAKLE 5 AUTOMOBILES PVT LTD,2022,18
3W,MLR AUTO LTD,2022,23
3W,MOHAN GENERAL TRADING COMPANY,2022,26
3W,MONDAL TRADING,2022,2
LMV,MOTOROYALE KINETIC PRIVATE LIMITED,2022,8
3W,MOTRAC MOTORS PVT LTD,2022,23
3W,MOVE STONE SERVICES PVT LTD,2022,825
3W,MULTI DIMENSIONAL SOLUTIONS,2022,10
3W,MVM MOTORS PRIVATE LIMITED,2022,1
3W,N0VA AUTOMOTIVE TECHNOLOGIES PVT. LTD,2022,1723
3W,NABH MOTORS PVT LTD,2022,12
3W,NAMAH INDUSTRIES PVT LTD,2022,4
3W,NBC ENGINEERING PVT LTD,2022,4
2W,NDS ECO MOTORS PVT LTD,2022,28
3W,NEEDLE EYE PLASTIC INDUSTRIES PVT LTD,2022,542
3W,NEELAM CYCLE,2022,8
3W,NEW ARCANA INDIA,2022,1331
3W,NEWTON INDIA INDUSTRIES PVT LTD,2022,9
3W,NGAGE WHEEL PVT LTD,2022,8
3W,NHD MOTORS,2022,289
3W,NIBE MOTORS PVT LTD,2022,19
3W,NIPUN SANYANTRA PVT LTD,2022,569
3W,NIRMAL UTILITY SERVICES PVT LTD,2022,77
2W,NISIKI TECHNOLOGIES PVT LTD,2022,167
LMV,NISSAN MOTOR INDIA PVT LTD,2022,3
3W,NRJ ELECTRIC MOTOR VEHICLES PVT LTD,2022,1563
2W,NUMEROS MOTORS PVT LTD,2022,335
2W,ODYSSE ELECTRIC VEHICLES PVT LTD,2022,313
3W,OGATA MOTORS INDIA PVT LTD,2022,160
3W,OK PLAY INDIA LTD,2022,63
2W,OKAYA EV PVT LTD,2022,8913
2W,OKINAWA AUTOTECH PVT LTD,2022,103620
2W,OLA ELECTRIC TECHNOLOGIES PVT LTD,2022,109398
MMV,OLECTRA GREENTECH LTD,2022,3
3W,OM BALAJEE AUTOMOBILE ( INDIA) PVT. LTD,2022,2930
3W,OM BALAJI AUTOMOBILES I P LTD,2022,16
3W,OM PACKAGING,2022,15
3W,OM RAJ AUTOTECH LLP,2022,1167
3W,OM. INDUSTRIES,2022,1
3W,OMEGA SALES & AGRO INDUSTRIES,2022,102
3W,OMEGA SEIKI PVT LTD,2022,2785
LMV,OMEGA SEIKI PVT LTD,2022,146
2W,OMJAY EV LIMITED,2022,172
2W,OTHERS,2022,15099
3W,OTHERS,2022,2165
LMV,OTHERS,2022,431
2W,OZOTEC AUTOMOBILE PRIVATE LIMITED,2022,93
3W,PAARTH SARTHI AUTOMOTIVE ENGINEERS PVT LTD,2022,23
3W,PACE AGRO PRIVATE LIMITED,2022,46
3W,PANTHER ELECTRIC VEHICLES,2022,66
3W,PARAS INDUSTRIES,2022,1120
3W,PARI E-VEHICLES,2022,484
3W,PARI METRO E RICKSHAW,2022,706
3W,PARVEEN AUTO,2022,1
3W,PASHUPATI VEHICLES PVT LTD,2022,1
3W,PATS MOTOR CORP,2022,24
3W,PIAGGIO VEHICLES PVT LTD,2022,7431
LMV,PIAGGIO VEHICLES PVT LTD,2022,3
3W,PLAUDIT TECHNO INDIA PVT LTD,2022,34
3W,POOSHPAK AUTOMOBILES PVT LTD,2022,1
2W,PORFITEL TECHNOLOGY (IMPORTER: AERORIDE),2022,23
LMV,PORSCHE AG GERMANY,2022,60
3W,PRAAKARM AUTO & CONSTRUCTION EQUIPMENTS,2022,40
3W,PRABHA AUTOMOTIVE ENGINEERS PVT LTD,2022,6
3W,PRAG MOTORS,2022,47
3W,PRAKASH ENTERPRISES,2022,46
3W,PRIDE E-MOTORS,2022,321
3W,PUBANG ETRON ELECTRIC MOTOR PVT LTD,2022,120
3W,PUNEET OVERSEAS  INC,2022,15
2W,PUR ENERGY PVT LTD,2022,14953
3W,PURVA UDYOG PVT LTD,2022,35
3W,PYTHOX MOTORS PVT LTD,2022,125
2W,QUANTUM ENERGY LTD.,2022,25
3W,R3 ENTERPRISES,2022,170
3W,RACCOON MOTORS PVT LTD,2022,20
3W,RAHUL AGRO EXPORTS PVT LTD,2022,37
3W,RAJ AUTOMOTIVE,2022,101
3W,RAJESH STEEL AND WIRE INDUSTRIES,2022,30
3W,RAMON INDUSTRIES,2022,71
3W,RANA ENGINEER WORKS,2022,35
3W,RASANDIK ENGINEERING INDUSTRIES INDIA LTD,2022,47
3W,RASIWASIA RASAYAN PVT LTD,2022,10
3W,RAYON ENGINEERS,2022,333
3W,RCJ AUTO FORGE PVT LTD,2022,281
3W,RD AND CO,2022,9
3W,REEP INDUSTRIES PVT LTD,2022,188
LMV,REEP INDUSTRIES PVT LTD,2022,1
3W,REFLEX CONTROL SYSTEM PVT .LTD,2022,63
3W,REPUBLIC MOTORS,2022,119
2W,REVOLT INTELLICORP PVT LTD,2022,14910
2W,RGM BUSINESS PLUS PVT LTD,2022,1564
3W,RIBAND ELECTRIC PVT LTD,2022,200
3W,RIYA ENTERPRISE,2022,31
3W,ROARLEO MOTOR PVT LTD,2022,136
2W,ROWWET MOBILITY PVT LTD,2022,143
3W,RSD SECURITY SOLUTIONS PVT LTD,2022,1
3W,RUTBA PRODUCT PVT LTD,2022,518
3W,S AND J INDUSTRIES,2022,189
3W,S S GLOBAL,2022,11
3W,SAERA ELECTRIC AUTO PVT LTD,2022,19314
3W,SAGAR FABRICATIONS,2022,16
3W,SAHNIANAND E VEHICLES PVT LTD,2022,1133
3W,SAINIK CYCLE MART,2022,142
3W,SAKSHAM TECH AUTOMOBILES,2022,241
3W,SAKSHAM TRADING COMPANY,2022,17
3W,SAMRAT ELECTRIC VEHICLE,2022,353
3W,SATHI MOTORS ELECTRIC VEHICLE PVT LTD,2022,1310
3W,SAURYAA SHARYO CORPORATION,2022,1
2W,SBTEK E MOTO PVT LTD,2022,19
3W,SCOOTERS INDIA LTD,2022,5
3W,SEALION AUTOMOBILE PVT LTD,2022,36
3W,SEN AND PANDIT VOLTAGE CONTROL PVT LTD,2022,55
3W,SETH INDUSTRIAL CORPORATION,2022,401
3W,SF2 E VEHICLE PVT LTD,2022,16
3W,SGLLINE MOTORS PVT LTD,2022,60
3W,SHAKTI AUTO GREEN,2022,415
3W,SHALYA AUTO SALES PVT LTD,2022,213
3W,SHIGAN EVOLTZ LTD,2022,853
3W,SHINE METAL UDYOG PVT LTD (UNIT- II),2022,5
3W,SHINME ELECTRICAL VEHICLE PVT LTD,2022,91
3W,SHIV OM INDIA,2022,69
3W,SHREE MARUTI NANDAN BUSINESSS (P) LTD,2022,181
3W,SHREYA ENGINEERS,2022,13
2W,SHRI BARSANA E-VEHICLES PVT LTD,2022,1
3W,SHRI BARSANA E-VEHICLES PVT LTD,2022,1554
LMV,SHRI BARSANA E-VEHICLES PVT LTD,2022,1
3W,SHRI NAMO ELECTRIC AUTOMOTIVE,2022,264
3W,SHRI RAM AUTO TECH PVT LTD,2022,4
3W,SHRI SHIVSHANKAR ENTERPRISES,2022,8
3W,SHRIRAJ ELECTRIC VEHICLES,2022,2003
3W,SINGHAL ENTERPRISES,2022,38
3W,SIRF INDIA VEHICLES PVT LTD,2022,5
3W,SIWACH STEEL PVT LTD,2022,98
3W,SIX SENSES AUTOMOTIVE PVT LTD,2022,4
3W,SKS AUTOMOBILES (I) PVT LTD,2022,5
3W,SKS TRADE INDIA PVT LTD,2022,6308
3W,SKYRIDE AUTOMOTIVE,2022,90
3W,SMART ELECTRO MOTORS,2022,48
3W,SN SOLAR ENERGY,2022,23
3W,SONI E VEHICLE PVT LTD,2022,173
3W,SPEED AUTO TECH,2022,8
3W,SPEEDWAYS ELECTRIC,2022,1
3W,SPEEGO VEHICLES CO PVT LTD,2022,3734
3W,SPEEGO VEHICLES PVT. LTD,2022,131
3W,SRD RENEWABLES,2022,1222
2W,SRIVARU MOTORS PVT LTD,2022,60
3W,SSB INDISTRIES,2022,1746
3W,SSEV ENTERPRISES PRIVATE LIMITED,2022,340
3W,SSV TECHNOLOGIES,2022,2
3W,STAR BULL E MOTORS,2022,2217
3W,STAR IGLOBAL AUTOMOTIVE PVT LTD,2022,211
3W,SUDHRAJ ELECTRIC MOBILITY PVT. LTD.,2022,11
3W,SUGANJI RARA ELECTRIC VEHICLE PVT LTD,2022,4
3W,SUMFONL AUTO TRADERS PVT LTD,2022,77
3W,SUNULTRA POWER SOLUTIONS PVT LTD,2022,82
3W,SUPER METRO INDUSTRIES,2022,1006
2W,SUPERECO AUTOMOTIVE CO,2022,14
3W,SUPERECO AUTOMOTIVE CO,2022,55
3W,SUPERTECH EV LIMITED,2022,1038
3W,SUPREME SMART POWER PVT LTD,2022,244
2W,SUZUKI MOTORCYCLE INDIA PVT LTD,2022,9
3W,SWARNCHAKRA AUTOMOBILES PVT LTD,2022,7
LMV,SWITCH MOBILITY AUTOMOTIVE LTD,2022,1
3W,SYNDICATE AUTO COMPONENTS,2022,227
3W,T U K INDUSTRIES,2022,1240
3W,TAO POWER PRIVATE LIMITED,2022,6
LMV,TATA MOTORS LTD,2022,1621
MMV,TATA MOTORS LTD,2022,15
LMV,TATA MOTORS PASSENGER VEHICLES LTD,2022,30610
3W,TAURUS ELECTRIC VEHICLES,2022,234
3W,TEJASGREEN AUTOMOTIVE PVT LTD,2022,42
3W,TERRA MOTORS INDIA PVT LTD,2022,7876
3W,THE COMMERCIAL MOTORS LIMITED,2022,79
2W,THUKRAL ELECTRIC BIKES PVT LTD,2022,1
3W,THUKRAL ELECTRIC BIKES PVT LTD,2022,5915
3W,TI CLEAN MOBILITY PVT LTD,2022,1
3W,TOP TEAM MACHINES PVT LTD,2022,1382
2W,TORK MOTORS PVT LTD,2022,319
LMV,TOYOTA KIRLOSKAR MOTOR PVT LTD,2022,1
3W,TRINITY ELECTRIC VEHICLES PVT LTD,2022,9
3W,TRISHIKA INDUSTRIES,2022,1355
3W,TSM ENGINEERING PVT LTD,2022,7
3W,TSR TRADE COM,2022,29
3W,TUFAN MOTORS PVT LTD,2022,391
2W,TUNWAL E MOTORS PVT LTD,2022,58
2W,TVS MOTOR COMPANY LTD,2022,47182
3W,TVS MOTOR COMPANY LTD,2022,5
3W,TWASHTRE AUTOMOTIVE PVT LTD,2022,6
3W,TWINKLE TRADCOM PVT LTD,2022,476
3W,TWO FRIENDS AUTO ELECTRIC CO,2022,2724
2W,TYST DRIVE INDIA PVT LTD,2022,40
3W,U P TELELINKS LTD,2022,15
3W,U.P. TELELINKS LIMITED,2022,1978
LMV,U.P. TELELINKS LIMITED,2022,1
3W,UMA  AUTO INDUSTRIES PVT. LTD,2022,34
3W,UMA MOTORS,2022,191
3W,UNIQUE ENTERPRISES,2022,1671
3W,UNIQUE INTERNATIONAL,2022,10246
LMV,UNIQUE INTERNATIONAL,2022,3
3W,UNITED TRANSMOVERS PVT LTD,2022,321
3W,URWASHI ENTERPRISES,2022,156
3W,V.T. ENGINEERING,2022,59
3W,V.V.A.AUTO INDUSTRIES PVT.LTD,2022,72
3W,VAHAK FUTURE SOLUTIONS LLP,2022,17
3W,VANI ELECTRIC VEHICLES PVT LTD,2022,5969
MMV,VE COMMERCIAL VEHICLES LTD,2022,7
3W,VEANCO AUTOMOTIVES PVT LTD,2022,6
3W,VEECTERO E VEHICLES LLP,2022,132
3W,VENUS AUTO WHEELS PVT LTD,2022,398
3W,VICTORIA E VEHICLES PVT. LTD,2022,10
3W,VICTORY ELECTRIC INTERNATIONAL,2022,2135
3W,VIJAYA ELECTRIC AUTO PVT LTD,2022,193
3W,VIJAYS COOLMAX PRIVATE LIMITED,2022,1355
3W,VIJAYSHREE AUTOCOM LIMITED,2022,248
3W,VIMAL UNIVERSAL TRADE PVT LTD,2022,407
3W,VINCI INDUSTRIAL CORPORATION,2022,9
3W,VISHAL ENTERPRISES,2022,140
3W,VISHALA E-VEHICLES INDUSTRIES PRIVATE LIMITED,2022,1
3W,VISHWAKARMA GNG INDUSTRY,2022,6
3W,VISHWARUP ENTERPRISE,2022,2
3W,VITAN JAGADA AUTOMOBILE PVT LTD,2022,2
LMV,VOLVO AUTO INDIA PVT LTD,2022,35
3W,VRINDA ENTERPRISES,2022,446
3W,VSL INDUSTRIES,2022,7
2W,WARDWIZARD INNOVATIONS & MOBILITY LIMITED,2022,314
3W,WASAN E-MOBILITY SOLUTIONS PVT LTD,2022,13
3W,WELKIN HEALTHCARE PVT LTD,2022,114
2W,WHITE CARBON MOTORS PVT LTD,2022,82
3W,WOX COOLERS PVT LTD,2022,1
2W,WUXI DONGMA (IMPORTER: DYNAM PRECISION),2022,6
2W,WUXI JIYAYI (IMPORTER: IZANAU ELECTRIC LLP),2022,2
2W,WUXI SAIGE (IMPORTER: E-VISHWA ELECTOBIKE),2022,12
2W,WUXI SAIGE (IMPORTER: WARIVO MOTOR),2022,1
2W,WUXI SAIGE ELECTRIC (IMPORTER: DELTA AUTOCORP LLP),2022,4
2W,WUXI SAIGE ELECTRIC (IMPORTER: GLORIOUS DIGITAL),2022,6
2W,WUXI TENGHUI (IMPORTER: SEEKA E MOTORS),2022,15
3W,XXPLORE AUTOMATIVE PVT LTD,2022,12
3W,XXPLORE AUTOMOTIVE PVT. LIMITED,2022,15
3W,YAARI AUTOMOBILES PVT LTD,2022,1
2W,YANGGUANG LINGMU (IMPORTER: DAWNGATE BUSINESS),2022,25
2W,YANGGUANG LINGMU (IMPORTER: DURGA FILTERS),2022,1
2W,YANGGUANG LINGMU (IMPORTER: REMARK ELECTRIC),2022,13
3W,YC ELECTRIC VEHICLE,2022,29793
LMV,YC ELECTRIC VEHICLE,2022,1
3W,YUVRAJ INTERNATIONAL,2022,5
2W,ZAP (HK) (IMPORTER: IZANAU ELECTRIC),2022,35
3W,ZENIAK INNOVATION INDIA LTD,2022,1561
LMV,ZENIAK INNOVATION INDIA LTD,2022,1
3W,ZENTHIUM EV PVT LTD,2022,223
3W,ZEOPLUS AXIS INDIA PVT. LTD.,2022,382
3W,ZERO 21 RENEWABLE ENERGY SOLUTIONS PVT LTD,2022,3
3W,ZESAR MOTORS PVT LTD,2022,23
2W,ZHEJIANG LUYUAN (IMPORTER: DYNAM EV TECH),2022,21
3W,ZOHAN TRADERS AND BIG METRO,2022,5
3W,3EV INDUSTRIES PVT LTD,2023,545
3W,3S INDUSTRIES PRIVATE LIMITED,2023,266
3W,A K AUTTO ELECTRICAL,2023,2
3W,A K GUPTA & CO.,2023,563
3W,A P I MOTORS PVT LTD,2023,279
3W,A.V.AUTOMOTIVES PVT LTD,2023,1309
3W,AADHYA ENTERPRISES,2023,797
3W,AADITYA GARBAGE PRODUCTS PVT LTD,2023,34
3W,AAHANA COMMERCE PVT LTD,2023,918
3W,AARGEE ELECTRIC,2023,18
2W,ABZO MOTORS PVT LTD,2023,12
3W,ACCRETION POWER AUTOS,2023,598
3W,ADAPT MOTORS PVT LTD,2023,4
3W,ADIDEV TECHNOA PVT LTD,2023,689
3W,ADITYA ENTERPRISES,2023,1
3W,ADITYA SAI INDUSTRIES,2023,179
3W,ADM TECHNOLOGIES PVT. LTD.,2023,129
2W,ADRIS ELECTRIC PVT LTD,2023,61
2W,AFTEK MOTORS INDIA PVT LTD,2023,138
3W,AJAY MOTORS PRIVATE LIMITED,2023,190
3W,AKG INTERNATIONAL,2023,138
3W,ALBEDO VISION PVT LTD,2023,39
MMV,ALL TERRAIN CRANE,2023,5
3W,ALLENTTI MOTORS PVT LTD,2023,59
3W,ALLFINE INDUSTRIES PVT LTD,2023,10743
LMV,ALLFINE INDUSTRIES PVT LTD,2023,8
3W,ALTIER ELECTRIC VEHICLES PVT LTD,2023,2517
LMV,ALTIER ELECTRIC VEHICLES PVT LTD,2023,1
3W,ALTIGREEN PROPULSION LABS PVT LTD,2023,2512
LMV,ALTIGREEN PROPULSION LABS PVT LTD,2023,7
2W,ALTIUS EV TECH PVT LTD,2023,37
3W,ALTIUS TECHNOLOGIES,2023,13
3W,AMAN AUTOMOBILES,2023,14
3W,AMAN ELECTRIC VEHICLES,2023,162
3W,AMBIKA ENTERPRISES,2023,145
3W,AMBIKA INDUSTRIES,2023,1910
2W,AMO MOBILITY SOLUTIONS PVT LTD,2023,1574
2W,AMPERE VEHICLES PRIVATE LIMITED,2023,42903
2W,AMPERE VEHICLES PVT LTD,2023,8
2W,ANCHI MOTORCYCLE  (IMPORTER: ECOTRINITY AUTOMOBILE,2023,51
2W,ANCHI MOTORCYCLE (IMPORTER: EVNEXUS PVT. LTD.),2023,8
2W,ANCHI MOTORCYCLE (IMPORTER: YED ELECTRIC),2023,61
2W,ANCHI MOTORCYCLE (IMPORTER:HINDUSTAN EV MOTORS),2023,1
2W,ANCHI MOTORCYCLE(IMPORTER:GREEN FUEL ALTERNATIVES),2023,13
3W,ANJALI AUTO COMPONENTS,2023,61
3W,ANJALI TRADERS,2023,74
3W,ANKUSH AUTO DEALS,2023,5
3W,APARNA INDUSTRIES,2023,87
3W,APM AUTO SALES,2023,778
3W,APSARA ENTERPRISE,2023,725
3W,ARCHIT ENTERPRISES,2023,1077
3W,ARD EXIM,2023,61
3W,ARNA ELECTRIC AUTO PVT LTD,2023,590
3W,ARROW AUTOMOTIVE,2023,3958
3W,ASHA IMPEX,2023,86
3W,ASHLESHA POWER CONTROLS PVT LTD,2023,6
3W,ASHMA-MOTORS PVT LTD,2023,294
2W,ATHER ENERGY PVT LTD,2023,104735
2W,ATOMEX E-MOTORS INDIA PVT LTD,2023,1
3W,ATTOLENT AUTO GROUP PVT LTD,2023,760
3W,ATUL AUTO LTD,2023,5502
LMV,ATUL AUTO LTD,2023,5
3W,ATUL GREENTECH PRIVATE LIMITED,2023,127
2W,ATUMOBILE PVT LTD,2023,105
3W,ATUT SANGAM,2023,2335
LMV,AUDI AG,2023,143
3W,AUTOECO GREEN ENERGY PVT LTD,2023,578
3W,AUTOHAUS PRIVATE LIMITED,2023,103
3W,AUTOLITE (INDIA) LIMITED,2023,11
3W,AVL ELECTRIC VEHICLES PVT LTD,2023,2632
3W,AVON CYCLE LTD INDIA,2023,10
3W,AVON CYCLES LTD,2023,784
2W,AYAAN ELECTRONIC PVT LTD,2023,112
3W,B24 ROKET EV,2023,28
3W,BABA E-VEHICLES,2023,1363
3W,BAGHWAN RIKSHAW UDYOG,2023,40
2W,BAILI MOTOR (IMPORTER:A B MOTOSS EV PVT LTD),2023,4
2W,BAJAJ AUTO LTD,2023,71940
3W,BAJAJ AUTO LTD,2023,4574
3W,BAJAJ IMPLEMENTS PVT. LTD,2023,947
3W,BAL GOPAL WHEELS PVT LTD,2023,105
3W,BALAJI TRADING COMPANY,2023,7
3W,BALAN ENGINEERING PVT LTD,2023,146
3W,BALI AUTO INDUSTRIES,2023,274
2W,BATTRE ELECTRIC MOBLITY PVT LTD,2023,4139
3W,BAXY LTD,2023,271
2W,BENLING INDIA ENERGY AND TECHNOLOGY PVT LTD,2023,3005
3W,BENTINCK INDUSTRIES PVT. LTD.,2023,382
3W,BEST WAY AGENCIES PVT LTD,2023,7902
3W,BESTWAY AGENCIES PVT LTD,2023,33
3W,BESTWAY BANARASH,2023,12
2W,BGAUSS AUTO PRIVATE LIMITED,2023,11454
3W,BHADAURIA ENTERPRISES,2023,106
3W,BHARAT MANUFACTURING & ASSEMBLING E RIKSHA,2023,2
3W,BHAVE ELECTRIC VEHICLES PVT LTD,2023,2682
3W,BHM INDUSTRIES,2023,1814
3W,BIG BULL TRADER PVT LTD,2023,673
3W,BIJNOR ENTERPRISES,2023,72
2W,BLIX CYCLES AND E-VEHICLES PVT LTD,2023,65
LMV,BMW INDIA PVT LTD,2023,1309
2W,BOOMA INNOVATIVE TRANSPORT SULUTIONS PVT LTD,2023,207
2W,BOUNCE ELECTRIC 1 PVT LTD,2023,3565
3W,BRIGHT AUTOZONE PVT LTD,2023,3695
3W,BRIGHT METAL WORKS,2023,31
LMV,BYD INDIA PRIVATE LIMITED,2023,2012
3W,C M OVERSEAS,2023,50
3W,CARREE YUNUS VEHICLE PVT LTD,2023,3
3W,CART INDIA,2023,109
3W,CEEON INDIA,2023,874
3W,CHAMPION POLY PLAST,2023,14877
2W,CHANDANA CORPORATION,2023,501
3W,CHARUVIKRAM AUTOMOBILE PVT LTD,2023,6
3W,CHAUHAN AUTO INDUSTRIES,2023,571
3W,CHEHAK BATTERIES,2023,290
2W,CHETAK TECHNOLOGY LIMITED,2023,4851
2W,CHINA HAOCHEN (IMPORTER: ADMS MARKETING),2023,135
3W,CITADEL ENTERPRISES(OPC) PVT LTD,2023,28
3W,CITYGREEN AUTO & PETRO CHEMICALS (P) LTD,2023,930
3W,CONTINENTAL ENGINES PVT LTD,2023,2749
3W,CYRUS AUTO INDUSTRIES PVT LTD,2023,96
3W,D S INDUSTRIES,2023,32
3W,DAKSH INDUSTRIES,2023,5925
2W,DAO EVTECH PRIVATE LIMITED,2023,283
3W,DASHMESH TRADERS,2023,122
3W,DAVE EXIM PVT LTD,2023,311
3W,DD AUTO PVT LTD,2023,2
3W,DE EUSI MOTORS PVT LTD.,2023,1563
3W,DEEP DRAWN TECHNOLOGIES,2023,12
3W,DELTA AUTOCORP LLP,2023,2466
3W,DELTEK ENTERPRISES PVT LTD,2023,8
3W,DEVAM ELECTRIC VEHICLES PVT LTD,2023,12
3W,DHAR IN PVT LTD,2023,29
3W,DHAR INTERNATIONAL,2023,34
3W,DIAMOND E VEHICLES,2023,604
3W,DILLI ELECTRIC AUTO PVT LTD,2023,25071
LMV,DILLI ELECTRIC AUTO PVT LTD,2023,5
3W,DIVANSU AUTOMOBILES LTD,2023,145
3W,DIVYA ENTERPRISES,2023,1026
2W,DONGMA VEHICLE (IMPORTER: MERCURY METALS),2023,11
3W,DSF INDUSTRIES PVT LTD,2023,26
3W,DSR EV MOBILITY PVT LTD,2023,3
3W,DUKE AUTO INDIA,2023,934
2W,DURGA FILTERS PVT LTD,2023,2
3W,DYS IMPEX PRIVATE LIMITED,2023,751
2W,E ROYCE MOTORS INDIA PVT LTD,2023,5
3W,E ROYCE MOTORS INDIA PVT LTD,2023,1296
3W,E-ASHWA AUTOMOTIVE PVT LTD,2023,240
3W,EBUZZ MOBILITY LLP,2023,17
3W,ECO DYNAAMIC EQUIPMENTS,2023,74
2W,ECO FUEL SYSTEMS (I) PVT LTD,2023,595
3W,ECO SMART VEHICLES PVT LTD,2023,1245
3W,ECO-FRIENDLY ELECTRIC VEHICLE PVT LTD,2023,1
3W,ECOYAN ELECTRIC MOTOR VEHICLES PVT LTD,2023,7
3W,EDMRC MANNSCHAFT LLP,2023,89
3W,EEVEE ENGINEERING PVT LTD,2023,1
3W,EFEV CHARGING SOLUTION PVT LTD,2023,526
3W,E-GURU AUTO ENERGY,2023,125
3W,ELECTRA INTERNATIONAL,2023,7
2W,ELECTRECA VEHICLES,2023,72
2W,ELECTRIC ALLIANCE(IMPORTER: ELLYSIUM AUTOMOTIVES),2023,43
3W,ELECTROTECH TRANSMISSION PVT LTD,2023,1
3W,ELECTROTHERM (INDIA) LIMITED,2023,4
3W,ELEPHANTA INDUSTRIES PVT LTD,2023,11
3W,ELITE AUTO ENGINEERS PVT LTD,2023,1200
2W,ELTHOR ENERGY PRIVATE LIMITED,2023,230
3W,E-MOTION AUTOMOTIVE INDUSTRY LLP,2023,470
3W,ENERGY ELECTRIC VEHICLES,2023,11080
3W,ENGINIA VEHICLES PVT LTD,2023,188
2W,ENGTIAN ELECTRIC BIKE PVT LTD,2023,472
2W,ENIGMA AUTOMOBILES PVT LTD,2023,2
3W,ENTICE IMPEX PVT LTD,2023,587
3W,EPOWER VEHICLES PVT LTD,2023,31
3W,ERISHA E MOBILITY PVT LTD,2023,55
LMV,ERISHA E MOBILITY PVT LTD,2023,1
LMV,ESCORTS KUBOTA LIMITED (AGRI MACHINERY GROUP),2023,5
2W,E-SPRINTO GREEN ENERGY PVT LTD,2023,116
3W,ETRIO AUTOMOBILES PVT LTD,2023,80
LMV,ETRIO AUTOMOBILES PVT LTD,2023,4
3W,EULER MOTORS PVT LTD,2023,2595
LMV,EULER MOTORS PVT LTD,2023,3
LMV,EVAGE AUTOMOTIVE PVT LTD,2023,44
3W,EVBHARAT RANGE PRIVATE LIMITED,2023,31
3W,EVCO AUTOMOBILES PVT LTD,2023,14
3W,EVERVE MOTORS PVT LTD,2023,1
3W,EVEX AUTO INDIA PVT LTD,2023,166
2W,EVTRIC MOTORS PVT LTD,2023,540
2W,EXERVAL PVT LTD,2023,83
3W,EXIDE INDUSTRIES LTD,2023,2379
3W,EXTRA FAST SOLUTIONS,2023,614
3W,EXTREME MOTORS,2023,218
3W,FEDE INDUSTRIES PVT LTD,2023,900
2W,FIADO INDUSTRIES PVT LTD,2023,106
3W,FIRST CHOICE ELECTRIC VEHICLES PVT LTD,2023,546
3W,FITWEL MOBILITY PVT LTD,2023,17
3W,FIVE ELEMENTS,2023,119
2W,FSTMOTO (IMPORTER: AUTOICARE INNOVATION),2023,57
2W,FUJIYAMA POWER INFRA PVT. LTD.,2023,16
3W,G & G AUTOMOTIVE,2023,1430
3W,G. M. VEHICLE INDUSTRIES,2023,3
3W,G.K E-VEHICLS INDUSTRIES PVT LTD,2023,74
3W,G.K. RICKSHAW,2023,5514
3W,GAGAN AUTOMOTIVES,2023,383
LMV,GAIA INTERNATIONAL (IMPORTER: NEW ENERGY WAGON),2023,1
3W,GALVANIC AUTO PVT LTD,2023,188
3W,GAURI AUTO INDIA PVT. LTD,2023,1
3W,GAYATRI ELECTRIC VEHICLES,2023,2950
3W,GILL AGROTECH,2023,1
3W,GKON ELECTRIC MOTOR VEHICLES PVT LTD,2023,711
2W,GO GREEN EOT (ENERGY OF THINGS) PVT LTD,2023,11
3W,GOBIND INDUSTRIES PVT LTD,2023,5
2W,GODAWARI ELECTRIC MOTORS PVT LTD,2023,128
3W,GODAWARI ELECTRIC MOTORS PVT LTD,2023,145
3W,GODAWARI TECHNO SOLUTIONS PVT LTD,2023,74
LMV,GODREJ AND BOYCE MFG CO LTD,2023,2
3W,GOENKA ELECTRIC MOTOR VEHICLES PVT LTD,2023,462
2W,GOGORO (IMPORTER: GOGORO INDIA PRIVATE LTD),2023,71
2W,GOGORO INDIA PVT LTD,2023,18
3W,GOLD HOFER,2023,1
2W,GOLDENLION (IMPORTER:ELLYSIUM AUTOMOTIVES PVT LTD),2023,1
3W,GOPAL AUTO MOTORS PVT LTD,2023,1494
2W,GOREEN E-MOBILITY PVT LTD,2023,3040
3W,GRAM TARANG EMPLOYABILITY TRAINNING SERVICES P LTD,2023,136
3W,GRD MOTORS,2023,3411
2W,GREAVES ELECTRIC MOBILITY PVT LTD,2023,24045
3W,GREEN EVOLVE PVT LTD,2023,42
3W,GREEN IMPEX,2023,442
3W,GREEN SHUTTLE TECHNOLOGY PVT LTD,2023,28
3W,GREEN STAR MOTORS,2023,345
3W,GREEN TACK EMPALA ELECTRIC MOTOR COMPANY,2023,46
3W,GREEN TECHNOLOGIES,2023,221
3W,GREEN VALLEY MOTORS,2023,11
3W,GREEN WAY ECO RIDE,2023,3
3W,GREENETICS INDUSTRIES PVT LTD,2023,116
3W,GREENFIT INDUSTRIES LLP,2023,4
3W,GREENTECH AUTO LLP,2023,1
3W,GREENWHEELS AUTOMOBILE PVT LTD,2023,872
3W,GRINDIA G MOTORS PVT LTD,2023,3
3W,GURU JI WHEELS,2023,64
3W,GURUKIRPA INDUSTRIES,2023,37
3W,HAARISH AUTOMOTIVES (OPC) PRIVATE LIMITED,2023,11
3W,HANUMAN UDYOG,2023,8
3W,HARSH TRADING CO,2023,34
3W,HARSHVIE INDUSTRIES PVT LTD,2023,2
2W,HAYASA E-MOBILITY (INDIA) PVT LTD,2023,4
3W,HBSS E MOBILITY PVT LTD,2023,8
2W,HERO ELECTRIC VEHICLES PVT. LTD,2023,29964
2W,HERO MOTOCORP LTD,2023,11142
3W,HIM TEKNOFORGE LTD,2023,624
3W,HINDUSTAN MOTOR CORPORATION,2023,1367
3W,HITECH  MECHANICAL WORKS,2023,12
3W,HI-TECH INDUSTRIES,2023,122
2W,HOMFEEL VEGH AUTOMOBILES PVT LTD,2023,6
2W,HONGKONG YIXING (IMPORTER: ADMS MARKETING),2023,84
2W,HONGKONG YIXING (IMPORTER: VICTORY ELECTRIC),2023,18
3W,HOOGHLY MOTORS PVT LTD,2023,3741
2W,HOP ELECTRIC MOBILITY PVT LTD,2023,209
3W,HOP MOTORS PVT LTD,2023,785
3W,HOTAGE INDIA,2023,12840
2W,HOUSTAN INNOVATION LLP,2023,32
3W,HOVEL CYLINDER PVT LTD,2023,62
2W,HSU DRAGON (IMPORTER: DARK FIGHT POWER PVT LTD),2023,2
3W,HUNDA EV PVT LTD,2023,125
3W,HUNDAL INDUSTRIES,2023,1011
3W,HYKON INDIA LTD,2023,91
LMV,HYUNDAI MOTOR INDIA LTD,2023,1606
3W,INDIA SAFE ENTERPRISE,2023,276
3W,INDIAN MOTORS,2023,2035
3W,INVVIGORS INDIA,2023,96
2W,IRA EDUTECH PVT LTD,2023,19
3W,ISUKII GREENS PVT LTD,2023,65
2W,IVOOMI INNOVATION PVT LTD,2023,2154
2W,IZANAU ELECTRIC LLP,2023,51
3W,J P AUTO TECH,2023,80
3W,J S MOBILEON PVT LTD,2023,7
3W,J. S. AUTO (P) LTD,2023,11165
3W,JADE KOREA SPINE LIFE,2023,113
LMV,JAGUAR LAND ROVER INDIA LIMITED,2023,9
3W,JAI SRI RAM ELECTRIC VEHICLE MANUFACTURING PVT LTD,2023,165
3W,JAIDKA POWER SYSTEMS PVT LTD,2023,163
3W,JAIN POWER CORP,2023,143
3W,JAISIK BUSINESS LINKS PVT LTD,2023,600
3W,JAJODIA COMMODITIES PVT LTD,2023,950
3W,JAL ENTERPRISES,2023,38
3W,JAYDEV ENTERPRISE,2023,6
3W,JESSUN TECHNO PVT LTD,2023,208
2W,JIANGSU AIMA (IMPORTER: FUTURE EV),2023,8
2W,JIANGSU AIMA (IMPORTER: QUANTUM ENERGY),2023,454
2W,JIANGSU DALONG (IMPORTER: ENGTIAN ELECTRIC),2023,11
2W,JIANGSU DALONG (IMPORTER: KINGCHE MOBILITY),2023,20
2W,JIANGSU DALONG (IMPORTER: RILOX EV PVT LTD),2023,2
2W,JIANGSU DALONG (IMPORTER: SABOO TOR),2023,22
2W,JIANGSU DALONG (IMPORTER:TYLOS ELECTRIC VEHICLES),2023,50
2W,JIANGSU DALONG JIANHAO (IMPORTER: GREEN INDIA),2023,1
2W,JIANGSU GUOWEI (IMPORTER: REVEAL ELECTRIC),2023,31
3W,JIANGSU JINPENG (IMPORTER: KKL HITECH EV),2023,10
2W,JIANGSU SUNHOU (IMPORTER: SABOO TOR),2023,10
2W,JIANGSU XINRI (IMPORTER: NISIKI TECHNOLOGIES),2023,3
2W,JIANGSU XINRI E-VEHICLE(IMPORTER SWIFT CUR.TECH.),2023,85
2W,JIANGSU ZHEENAIDA (IMPORTER: KLB GLOBAL),2023,799
2W,JITENDRA NEW EV-TECH PVT. LTD,2023,2617
3W,JITENDRA NEW EV-TECH PVT. LTD,2023,34
3W,JITENDRA TEMPO PARTS,2023,740
3W,JMT VEHICLES PVT LTD,2023,1077
3W,JOYRAM STEEL FABRICATION WORKS,2023,14
3W,JS MOBILEON PVT LTD,2023,950
2W,JUNENG MOTORCYCLE (IMPORTER: ADMS MARKETING),2023,52
2W,JUNENG MOTORCYCLE (IMPORTER: ISCOOT MOTERS),2023,212
2W,JUNENG MOTORCYCLE TECH. (IMPORTER: DELTA AUTOCORP),2023,22
3W,K T ENTERPRISES,2023,156
3W,K. V. INDUSTRIES,2023,38
2W,KABIRA MOBILITY LLP,2023,165
3W,KABMAX ELECTRIC AUTOMOBILES PVT. LTD,2023,479
3W,KADESEETLA AASHIRWAD GP INDUSTRIES PVT LTD,2023,8
2W,KAINING (HONGKONG) (IMPORTER: ENERGY AUTOMOBILE),2023,7
2W,KAINING (HONGKONG) (IMPORTER: ENIGMA AUTOMOBILES),2023,51
2W,KAINING (HONGKONG) (IMPORTER: TOXMO ELECTRIC),2023,5
2W,KAINING (HONGKONG) (IMPORTER:M/S IZANAU ELECTRIC),2023,11
3W,KALIKA VAHAN PVT LTD,2023,2
3W,KALINGA VENTURES INDIA PVT LTD,2023,139
3W,KALPVRIKSH ELECTOMOBILES CO,2023,288
3W,KAMAZ INDUSTRIES,2023,122
3W,KAPTECH INDIA PVT LTD,2023,1846
3W,KCAS ELECTRIC VEHICLES PVT LTD,2023,197
3W,KERALA AUTOMOBILES LIMITED,2023,74
3W,KETO MOTORS PVT LTD,2023,224
3W,KGN,2023,339
3W,KGN INDUSTRIES,2023,405
3W,KHALSA  AGRO INDUSTRIES,2023,3
3W,KHALSA E-VEHICLES PVT LTD,2023,8478
LMV,KIA INDIA PRIVATE LIMITED,2023,438
2W,KINETIC GREEN ENERGY & POWER SOLUTIONS LTD,2023,7779
3W,KINETIC GREEN ENERGY & POWER SOLUTIONS LTD,2023,4648
LMV,KINETIC GREEN ENERGY & POWER SOLUTIONS LTD,2023,1
3W,KINETIC GREEN ENERGY P SOL LTD,2023,58
3W,KIRAN AUTOMOBILE INDUSTRY,2023,81
3W,KIRTI SOLAR LTD,2023,19
2W,KLB KOMAKI PVT LTD,2023,4173
3W,KLB KOMAKI PVT LTD,2023,4
3W,KPT INDUSTRIES LTD,2023,11
3W,KPT MOTORS,2023,81
3W,KRISHNA ENGINEERING WORKS,2023,904
3W,KRISHNA INDUSTRIES,2023,5
3W,KRISHNA VEHICALS,2023,335
3W,KUKU AUTOMOTIVES,2023,569
LMV,KUKU AUTOMOTIVES,2023,1
3W,KUMAR ENGINEERING,2023,2469
3W,KUMARAN ENGINEERING ENTERPRISES,2023,244
2W,KYTE ENERGY PVT. LTD.,2023,540
3W,LAKSHMI AUTO TRADERS,2023,15
3W,LAKSHYA AUTO SALES CORPORATION,2023,240
3W,LAWAT MOTORS,2023,1
3W,LAWAT MOTORS LLP,2023,358
2W,LECTRIX EV PVT LTD,2023,6203
3W,LECTRIX EV PVT LTD,2023,7288
LMV,LECTRIX EV PVT LTD,2023,4
3W,LEOPAN MOTORS PRIVATE LIMITED,2023,13
2W,LI-IONS ELEKTRIK SOLUTIONS PVT LTD,2023,5
3W,LOCAL TRAILER MANUFACTURER,2023,11
3W,LOHIA AUTO INDUSTRIES,2023,1644
3W,LOHIA AUTO INDUSTRIES LTD.,2023,20
3W,LORDS VEHICLE MFG PVT LTD,2023,186
3W,LUCKY INDUSTRIES,2023,38
3W,M G INDUSTRIES,2023,145
3W,M K BROTHERS,2023,2
3W,M.K. ENTERPRISES,2023,1097
3W,M/S SHRIRAM AUTO TECH PVT LTD,2023,3637
3W,M/S VISHNU CLEAN ENERGY VEHICLES LLP,2023,7
2W,M2GO ELECTRIC VEHICLE PVT LTD,2023,2
3W,MAA KALPANA ENTERPRISE,2023,153
2W,MAA LUXMI E-VEHICLES PVT. LTD.,2023,4
3W,MAA SHAKTI EXIM PVT LTD,2023,2571
3W,MAC AUTO INDIA,2023,564
2W,MAC INTERNATIONAL (IMPORTER: JHEV MOTORS PVT LTD),2023,1
2W,MAC INTERNATIONAL (IMPORTER:HONESTY),2023,1
LMV,MACNEILL ENGINEERING LIMITED,2023,2
3W,MAHI ENTERPRISES,2023,60
3W,MAHINDRA & MAHINDRA LIMITED,2023,37942
LMV,MAHINDRA & MAHINDRA LIMITED,2023,4505
3W,MAHINDRA ELECTRIC MOBILITY LIMITED,2023,4949
LMV,MAHINDRA ELECTRIC MOBILITY LIMITED,2023,56
3W,MAHINDRA LAST MILE MOBILITY LTD,2023,11733
LMV,MAHINDRA LAST MILE MOBILITY LTD,2023,40
3W,MAHTAB BODY MAKER,2023,778
3W,MALAK TECHNO PVT LTD,2023,52
3W,MALI ENTERPRISES PVT LTD,2023,10
3W,MANIRAM ELECTRIC VEHICLE PVT LTD,2023,299
3W,MANISH EV INTERNATIONAL PRIVATE LIMITED,2023,433
3W,MANITA CITY MOTORS LLP,2023,1810
3W,MANMOHAN KAUR,2023,64
3W,MARINE NAVAIDS & SOLAR AUTO PVT LTD,2023,4
3W,MARKUS,2023,27
2W,MARUTHISAN PVT LTD,2023,147
2W,MAULIRAJ INDUSTRIES LLP,2023,1
2W,MECPOWER MOBILITY PVT. LTD.,2023,128
LMV,MERCEDES -BENZ AG,2023,322
LMV,MERCEDES-BENZ INDIA PVT LTD,2023,193
2W,MEW ELECTRICALS LIMITED,2023,195
LMV,MG MOTOR INDIA PVT LTD,2023,9520
2W,MICROAUTOTECH PVT. LTD.,2023,2
3W,MILLENNIAL MOTORS LLP,2023,7
3W,MINI METRO,2023,97
3W,MINI METRO EV L.L.P,2023,15962
LMV,MINI METRO EV L.L.P,2023,1
2W,MIRAKLE 5 AUTOMOBILES PVT LTD,2023,102
3W,MLR AUTO LTD,2023,70
2W,MODIKA INTERNATIONAL (IMPORTER: FRANKLIN EV),2023,19
3W,MOHAN GENERAL TRADING COMPANY,2023,43
3W,MONDAL TRADING,2023,77
3W,MOVE STONE SERVICES PVT LTD,2023,2965
3W,N0VA AUTOMOTIVE TECHNOLOGIES PVT. LTD,2023,4925
3W,NAMAH INDUSTRIES PVT LTD,2023,5
3W,NAND ELECTRIC MOTOR VEHICLE PVT LTD,2023,3
3W,NARAINDASS AND SONS,2023,4
2W,NDS ECO MOTORS PVT LTD,2023,7
3W,NEEDLE EYE PLASTIC INDUSTRIES PVT LTD,2023,667
3W,NEELAM CYCLE,2023,42
3W,NEUON MOTORS LLP,2023,45
3W,NEW ARCANA INDIA,2023,1253
3W,NEWTON INDIA INDUSTRIES PVT LTD,2023,5
3W,NGAGE WHEEL PVT LTD,2023,40
3W,NHD MOTORS,2023,326
3W,NIBE MOTORS PVT LTD,2023,19
3W,NIPUN SANYANTRA PVT LTD,2023,439
3W,NIRMAL UTILITY SERVICES PVT LTD,2023,22
2W,NISIKI TECHNOLOGIES PVT LTD,2023,164
3W,NRJ ELECTRIC MOTOR VEHICLES PVT LTD,2023,2650
2W,NUMEROS MOTORS PVT LTD,2023,473
2W,OBEN ELECTRIC VEHICLES PVT LTD,2023,50
3W,OCULUS AUTO INDUSTRIES LLP,2023,2
2W,ODYSSE ELECTRIC VEHICLES PVT LTD,2023,210
3W,OGATA MOTORS INDIA PVT LTD,2023,157
3W,OK PLAY INDIA LTD,2023,125
2W,OKAYA EV PVT LTD,2023,15816
2W,OKINAWA AUTOTECH PVT LTD,2023,31616
3W,OKINAWA AUTOTECH PVT LTD,2023,1
2W,OLA ELECTRIC TECHNOLOGIES PVT LTD,2023,267355
MMV,OLECTRA GREENTECH LTD,2023,12
3W,OM BALAJEE AUTOMOBILE ( INDIA) PVT. LTD,2023,3304
3W,OM BALAJI AUTOMOBILES I P LTD,2023,9
3W,OM INDUSTRIES,2023,44
3W,OM RAJ AUTOTECH LLP,2023,1203
3W,OMEGA SALES & AGRO INDUSTRIES,2023,283
3W,OMEGA SEIKI PVT LTD,2023,3579
LMV,OMEGA SEIKI PVT LTD,2023,102
2W,OMJAY EV LIMITED,2023,67
2W,OTHERS,2023,195
3W,OTHERS,2023,1435
LMV,OTHERS,2023,40
MMV,OTHERS,2023,1
2W,OZOTEC AUTOMOBILE PRIVATE LIMITED,2023,351
3W,PAARTH SARTHI AUTOMOTIVE ENGINEERS PVT LTD,2023,11
3W,PACE AGRO PRIVATE LIMITED,2023,41
3W,PANTHER ELECTRIC VEHICLES,2023,77
3W,PARAS INDUSTRIES,2023,3246
LMV,PARAS INDUSTRIES,2023,1
3W,PARI E-VEHICLES,2023,572
3W,PARI METRO E RICKSHAW,2023,904
3W,PARVEEN AUTO,2023,65
3W,PATS MOTOR CORP,2023,21
LMV,PCA AUTOMOBILES INDIA PVT LTD,2023,1950
3W,PIAGGIO VEHICLES PVT LTD,2023,21079
LMV,PIAGGIO VEHICLES PVT LTD,2023,10
LMV,PINNACLE MOBILITY SOLUTIONS PVT LTD,2023,22
3W,PLAUDIT TECHNO INDIA PVT LTD,2023,18
3W,POOSHPAK AUTOMOBILES PVT LTD,2023,65
2W,PORFITEL TECHNOLOGY (IMPORTER: AERORIDE),2023,214
LMV,PORSCHE AG GERMANY,2023,96
3W,PRAAKARM AUTO & CONSTRUCTION EQUIPMENTS,2023,101
3W,PRABHA AUTOMOTIVE ENGINEERS PVT LTD,2023,8
3W,PRAG MOTORS,2023,206
3W,PRAGYA AUTOMOBILE PVT LTD,2023,33
3W,PRAJJWAL MAHAJAN TRADERS,2023,13
3W,PRAKASH ENTERPRISES,2023,65
3W,PRESTANTIA CREATIONS PVT LTD,2023,6
3W,PRIDE E-MOTORS,2023,500
3W,PRIYAM INDUSTRIES AND ENGINEERING PVT LTD,2023,40
3W,PUBANG ETRON ELECTRIC MOTOR PVT LTD,2023,16
3W,PUNJAB BODY BUILDERS,2023,22
2W,PUR ENERGY PVT LTD,2023,7191
3W,PURVA UDYOG PVT LTD,2023,23
3W,PYTHOX MOTORS PVT LTD,2023,338
2W,QICHENG VEHICLE (IMPORTER: AUTOICARE INNOVATION),2023,81
2W,QOOKEE TECHNOLOGIES (IMPORTER:VIKEBIKE INDIA),2023,10
2W,QUANTUM ENERGY LTD.,2023,2371
LMV,QUANTUM ENERGY LTD.,2023,2
3W,R3 ENTERPRISES,2023,501
3W,RACCOON MOTORS PVT LTD,2023,18
3W,RAHUL AGRO EXPORTS PVT LTD,2023,124
3W,RAJ AUTOMOTIVE,2023,99
3W,RAJA ARTS HITECH ENGINEERING,2023,1
3W,RAJESH STEEL AND WIRE INDUSTRIES,2023,8
3W,RAMA INDUSTRIES,2023,4
3W,RAMON INDUSTRIES,2023,114
3W,RANA ENGINEER WORKS,2023,575
3W,RASANDIK ENGINEERING INDUSTRIES INDIA LTD,2023,152
3W,RASIWASIA RASAYAN PVT LTD,2023,2
3W,RAVI METAL WORKS,2023,20
3W,RAYON ENGINEERS,2023,1176
3W,RCJ AUTO FORGE PVT LTD,2023,609
3W,RD AND CO,2023,1
3W,REEP INDUSTRIES PVT LTD,2023,1080
LMV,REEP INDUSTRIES PVT LTD,2023,3
3W,REFLEX CONTROL SYSTEM PVT .LTD,2023,96
LMV,RENAULT INDIA PVT LTD,2023,2
3W,REPUBLIC MOTORS,2023,237
2W,REVOLT INTELLICORP PVT LTD,2023,6976
2W,RGM BUSINESS PLUS PVT LTD,2023,822
3W,RIBAND ELECTRIC PVT LTD,2023,496
2W,RIVER MOBILITY PVT LTD,2023,92
3W,RIYA ENTERPRISE,2023,31
3W,ROANSOME MOTORS,2023,4
3W,ROARLEO MOTOR PVT LTD,2023,338
LMV,ROLLS ROYCE MOTOR (IMPORTER: KUN MOTOR),2023,1
2W,ROWWET MOBILITY PVT LTD,2023,68
3W,RP MOTORS,2023,32
3W,RSD SECURITY SOLUTIONS PVT LTD,2023,1
3W,RUTBA PRODUCT PVT LTD,2023,629
3W,S AND J INDUSTRIES,2023,126
3W,S B TRADERS,2023,29
3W,S S GLOBAL,2023,6
3W,SAERA ELECTRIC AUTO PVT LTD,2023,29321
LMV,SAERA ELECTRIC AUTO PVT LTD,2023,1
MMV,SAERA ELECTRIC AUTO PVT LTD,2023,1
3W,SAGAR FABRICATIONS,2023,10
3W,SAHNIANAND E VEHICLES PVT LTD,2023,5788
2W,SAI SAMEER POWER ELECTRIC VEHICLES PVT LTD,2023,22
3W,SAINIK CYCLE MART,2023,36
3W,SAKSHAM TECH AUTOMOBILES,2023,175
3W,SAKSHAM TRADING COMPANY,2023,4
3W,SAMEER ENGINEERING,2023,5
3W,SAMRAT ELECTRIC VEHICLE,2023,677
3W,SARAVANA ENGINEERING WORKS,2023,204
3W,SATHI MOTORS ELECTRIC VEHICLE PVT LTD,2023,2831
3W,SAURYAA SHARYO CORPORATION,2023,2
2W,SBTEK E MOTO PVT LTD,2023,22
3W,SCOOTERS INDIA LTD,2023,1
3W,SEALION AUTOMOBILE PVT LTD,2023,36
2W,SEEKA E MOTORS PVT LTD,2023,3
3W,SEN AND PANDIT VOLTAGE CONTROL PVT LTD,2023,54
3W,SETH INDUSTRIAL CORPORATION,2023,911
3W,SF2 E VEHICLE PVT LTD,2023,49
3W,SGLLINE MOTORS PVT LTD,2023,31
3W,SHAILENDRA AUTOS PVT LTD,2023,40
3W,SHAKTI AUTO GREEN,2023,787
3W,SHALYA AUTO SALES PVT LTD,2023,617
3W,SHAMMI ELECTRONICS,2023,28
3W,SHIGAN EVOLTZ LTD,2023,431
3W,SHINE METAL UDYOG PVT LTD (UNIT- II),2023,110
3W,SHINME ELECTRICAL VEHICLE PVT LTD,2023,120
3W,SHIV OM INDIA,2023,197
3W,SHREE MARUTI NANDAN BUSINESSS (P) LTD,2023,307
3W,SHREYA ENGINEERS,2023,9
3W,SHRI BARSANA E-VEHICLES PVT LTD,2023,4086
LMV,SHRI BARSANA E-VEHICLES PVT LTD,2023,2
3W,SHRI NAMO ELECTRIC AUTOMOTIVE,2023,645
3W,SHRI RAM AUTO TECH PVT LTD,2023,3
3W,SHRIRAJ ELECTRIC VEHICLES,2023,2726
3W,SHUBHAM MANUFACTURER,2023,6
2W,SIMPLEENERGY PVT LTD,2023,65
3W,SINGH AUTOMOBILES,2023,359
3W,SINGHAL ENTERPRISES,2023,136
3W,SIRF INDIA VEHICLES PVT LTD,2023,27
3W,SITYOG ENGINEERING PVT LTD,2023,5
3W,SIWACH STEEL PVT LTD,2023,24
3W,SIX SENSES AUTOMOTIVE PVT LTD,2023,12
3W,SKS AUTOMOBILES (I) PVT LTD,2023,2
3W,SKS TRADE INDIA PVT LTD,2023,10078
3W,SKYRIDE AUTOMOTIVE,2023,40
3W,SKYY RIDER ELECTRIC PRIVATE LIMITED,2023,1
2W,SMAP VEHICLES (IMPORTER: ELEGO MOTORS),2023,15
3W,SMART ELECTRO MOTORS,2023,47
3W,SMARTOMATIC VEHICLES PRIVATE LIMITED,2023,2
3W,SMITH MOTORS PVT LTD,2023,4
3W,SN SOLAR ENERGY,2023,187
2W,SOKUDO ELECTRIC INDIA PVT LTD,2023,132
3W,SONI E VEHICLE PVT LTD,2023,64
3W,SPEED AUTO TECH,2023,87
3W,SPEEDWAYS ELECTRIC,2023,5
3W,SPEEGO VEHICLES CO PVT LTD,2023,4770
3W,SPEEGO VEHICLES PVT. LTD,2023,12
3W,SRD RENEWABLES,2023,2121
2W,SRIVARU MOTORS PVT LTD,2023,24
3W,SSB INDISTRIES,2023,2248
3W,SSEV ENTERPRISES PRIVATE LIMITED,2023,767
3W,STAR BULL E MOTORS,2023,2077
3W,STAR IGLOBAL AUTOMOTIVE PVT LTD,2023,570
3W,SUDHRAJ ELECTRIC MOBILITY PVT. LTD.,2023,175
3W,SUMFONL AUTO TRADERS PVT LTD,2023,286
3W,SUNANDA GREENTECH PVT LTD,2023,11
3W,SUNARIYA MOTORS PVT LTD,2023,36
3W,SUNSHINE TECHNOLOGIES,2023,2
3W,SUNULTRA POWER SOLUTIONS PVT LTD,2023,142
3W,SUPER METRO INDUSTRIES,2023,1198
3W,SUPER POWER MOTORS,2023,2
2W,SUPERECO AUTOMOTIVE CO,2023,128
3W,SUPERECO AUTOMOTIVE CO,2023,134
3W,SUPERECO AUTOMOTIVE CO LLP,2023,1
3W,SUPERTECH EV LIMITED,2023,2020
3W,SUPREME SMART POWER PVT LTD,2023,434
3W,SUPROVA ENTERPRISE,2023,4
3W,SURYA INTERNATIONAL,2023,16
3W,SVS ENTERPRISES,2023,84
3W,SWARNCHAKRA AUTOMOBILES PVT LTD,2023,5
3W,SYNDICATE AUTO COMPONENTS,2023,77
3W,T U K INDUSTRIES,2023,2845
3W,TAO POWER PRIVATE LIMITED,2023,11
3W,TARA MAA MACHINERY,2023,26
LMV,TATA MOTORS LTD,2023,1766
MMV,TATA MOTORS LTD,2023,275
LMV,TATA MOTORS PASSENGER VEHICLES LTD,2023,21420
LMV,TATA PASSENGER ELECTRIC MOBILITY LTD,2023,38580
3W,TAURUS ELECTRIC VEHICLES,2023,346
3W,TEJASGREEN AUTOMOTIVE PVT LTD,2023,1
3W,TERRA MOTORS INDIA PVT LTD,2023,8810
3W,THE COMMERCIAL MOTORS LIMITED,2023,58
3W,THE COMMERCIAL MOTORS PVT LTD,2023,8
2W,THUKRAL ELECTRIC BIKES PVT LTD,2023,48
3W,THUKRAL ELECTRIC BIKES PVT LTD,2023,7271
3W,TI CLEAN MOBILITY PVT LTD,2023,1273
3W,TOP TEAM MACHINES PVT LTD,2023,1743
2W,TORK MOTORS PVT LTD,2023,1589
3W,TRINITY ELECTRIC VEHICLES PVT LTD,2023,57
3W,TRISHIKA INDUSTRIES,2023,1361
3W,TRUPART AUTOMOTIVE INDIA PVT LTD,2023,10
3W,TRUZ INDUSTRIES,2023,3
3W,TSM ENGINEERING PVT LTD,2023,296
3W,TSR TRADE COM,2023,30
3W,TUFAN MOTORS PVT LTD,2023,987
2W,TUNWAL E MOTORS PVT LTD,2023,44
2W,TVS MOTOR COMPANY LTD,2023,166580
3W,TVS MOTOR COMPANY LTD,2023,97
3W,TWASHTRE AUTOMOTIVE PVT LTD,2023,11
3W,TWINKLE TRADCOM PVT LTD,2023,1505
3W,TWO FRIENDS AUTO ELECTRIC CO,2023,3848
2W,TYST DRIVE INDIA PVT LTD,2023,31
3W,U P TELELINKS LTD,2023,3
3W,U.P. TELELINKS LIMITED,2023,2438
LMV,U.P. TELELINKS LIMITED,2023,2
2W,ULTRAVIOLETTE AUTOMOTIVE PVT LTD,2023,256
3W,UMA  AUTO INDUSTRIES PVT. LTD,2023,137
3W,UMA MOTORS,2023,211
3W,UNIQUE AUTO ELECTRIC,2023,26
3W,UNIQUE ENTERPRISES,2023,3580
3W,UNIQUE INTERNATIONAL,2023,13572
LMV,UNIQUE INTERNATIONAL,2023,3
3W,UNITED TRANSMOVERS PVT LTD,2023,272
3W,URWASHI ENTERPRISES,2023,355
3W,V.T. ENGINEERING,2023,9
3W,V.V.A.AUTO INDUSTRIES PVT.LTD,2023,26
3W,VAHAK FUTURE SOLUTIONS LLP,2023,23
3W,VANI ELECTRIC VEHICLES PVT LTD,2023,7832
LMV,VE COMMERCIAL VEHICLES LTD,2023,6
3W,VEANCO AUTOMOTIVES PVT LTD,2023,11
3W,VEECTERO E VEHICLES LLP,2023,171
MMV,VEERA VAHANA UDYOG PRIVATE LIMITED,2023,1
3W,VENUS AUTO WHEELS PVT LTD,2023,574
3W,VICTORIA E VEHICLES PVT. LTD,2023,25
3W,VICTORY ELECTRIC INTERNATIONAL,2023,3319
3W,VIJAYA ELECTRIC AUTO PVT LTD,2023,256
3W,VIJAYS COOLMAX PRIVATE LIMITED,2023,4807
3W,VIJAYSHREE AUTOCOM LIMITED,2023,181
3W,VIJEX STEEL FABRICATION,2023,11
3W,VIMAL UNIVERSAL TRADE PVT LTD,2023,831
3W,VINCI INDUSTRIAL CORPORATION,2023,39
3W,VISHAL ENTERPRISES,2023,36
3W,VISHALA E-VEHICLES INDUSTRIES PRIVATE LIMITED,2023,92
3W,VISHWAKARMA GNG INDUSTRY,2023,123
3W,VISHWARUP ENTERPRISE,2023,10
3W,VITAN JAGADA AUTOMOBILE PVT LTD,2023,3
LMV,VOLVO AUTO INDIA PVT LTD,2023,570
3W,VRINDA ENTERPRISES,2023,1080
2W,WARDWIZARD INNOVATIONS & MOBILITY LIMITED,2023,6910
2W,WARIVO MOTOR INDIA PVT LTD,2023,1
3W,WASAN E-MOBILITY SOLUTIONS PVT LTD,2023,80
3W,WELKIN HEALTHCARE PVT LTD,2023,30
2W,WHITE CARBON MOTORS PVT LTD,2023,42
3W,WOX COOLERS PVT LTD,2023,2
2W,WUXI DONGMA (IMPORTER: DYNAM PRECISION),2023,15
2W,WUXI JIYAYI (IMPORTER: IZANAU ELECTRIC LLP),2023,275
2W,WUXI MAYA (IMPORTER: DYNAMO ELECTRIC P. LTD.),2023,4
2W,WUXI NOOMA (IMPORTER: SMARTNK  ELECTRIC VEHICLE),2023,10
2W,WUXI SAIGE (IMPORTER: DM GREEN ENERGY),2023,68
2W,WUXI SAIGE (IMPORTER: ELECTRO-TECH),2023,8
2W,WUXI SAIGE (IMPORTER: E-VISHWA ELECTOBIKE),2023,15
2W,WUXI SAIGE (IMPORTER: NGAGE IMPEX),2023,2
2W,WUXI SAIGE (IMPORTER: WARIVO MOTOR),2023,426
2W,WUXI SAIGE (IMPORTER: ZELIO AUTO PVT.LTD.),2023,4
2W,WUXI SAIGE ELECTRIC (IMPORTER: DELTA AUTOCORP LLP),2023,182
2W,WUXI SAIGE ELECTRIC (IMPORTER: GLORIOUS DIGITAL),2023,54
2W,WUXI SHENGBAO (IMPORTER:ELECTRIC ONE ENERGY),2023,1
2W,WUXI TENGHUI (IMPORTER: BOHRE ELECTRIC),2023,37
2W,WUXI TENGHUI (IMPORTER: FEZORA INDIA),2023,35
2W,WUXI TENGHUI (IMPORTER: FLYCON MOTORS),2023,72
2W,WUXI TENGHUI (IMPORTER: FRANKLIN EV INDIA),2023,22
2W,WUXI TENGHUI (IMPORTER: HOP ELECTRIC MOBILITY),2023,389
2W,WUXI TENGHUI (IMPORTER: JAIDKA POWER),2023,8
2W,WUXI TENGHUI (IMPORTER: RADHA MOBILITIES LLP),2023,2
2W,WUXI TENGHUI (IMPORTER: REMARK ELECTRIC),2023,12
2W,WUXI TENGHUI (IMPORTER: SEEKA E MOTORS),2023,278
2W,WUXI TENGHUI INTERNATIONAL (IMPORTER: FEZORA),2023,17
2W,WUXI TENGHUI INTERNATIONAL (IMPORTER: FRANKLIN EV),2023,12
2W,WUXI TOURWE (IMPORTER: GOREEN E-MOBILITY),2023,316
3W,XXPLORE AUTOMATIVE PVT LTD,2023,2
3W,XXPLORE AUTOMOTIVE PVT. LIMITED,2023,6
3W,YAARI AUTOMOBILES PVT LTD,2023,3
2W,YANGGUANG LINGMU (IMPORTER: DAWNGATE BUSINESS),2023,16
2W,YANGGUANG LINGMU (IMPORTER: DURGA FILTERS),2023,9
2W,YANGGUANG LINGMU (IMPORTER: ECOINDIA),2023,4
2W,YANGGUANG LINGMU (IMPORTER: FLYCON MOTORS),2023,61
2W,YANGGUANG LINGMU (IMPORTER: REMARK ELECTRIC),2023,27
2W,YANGGUANG LINGMU (IMPORTER: XWLS ELECTRIC),2023,11
3W,YC ELECTRIC VEHICLE,2023,40794
LMV,YC ELECTRIC VEHICLE,2023,2
2W,YOUYAKU ELECTRIC (IMPORTER: HOUSTAN INNOVATION),2023,82
2W,YOUYAKU ELECTRIC (IMPORTER: SASDAL ENTERPRISES),2023,80
2W,YOUYAKU ELECTRIC (IMPORTER: TVISI ELECTRIC),2023,2
2W,YOUYAKU ELECTRIC (IMPORTER:IME VEHICLES PVT LTD),2023,218
2W,YOUYAKU ELECTRIC (IMPORTER:NEWTRON ELECTRIC),2023,36
2W,YOUYAKU ELECTRIC (IMPORTER:ONZO EV),2023,20
2W,ZAP (HK) (IMPORTER: IZANAU ELECTRIC),2023,128
2W,ZAP (IMPORTER:ELLYSIUM AUTOMOTIVES PVT LTD),2023,32
3W,ZENIAK INNOVATION INDIA LTD,2023,2836
3W,ZENTHIUM EV PVT LTD,2023,718
3W,ZEOPLUS AXIS INDIA PVT. LTD.,2023,3563
3W,ZERO 21 RENEWABLE ENERGY SOLUTIONS PVT LTD,2023,11
3W,ZESAR MOTORS PVT LTD,2023,37
2W,ZHEJIANG LUYUAN (IMPORTER: DYNAM EV TECH),2023,45
2W,ZHEJIANG TIANYING  (IMPORTER: NEWTRON ELECTRIC),2023,64
3W,ZOHAN TRADERS AND BIG METRO,2023,131
3W,3EV INDUSTRIES PVT LTD,2024,51
3W,3S INDUSTRIES PRIVATE LIMITED,2024,578
3W,A K GUPTA & CO.,2024,355
3W,A P I MOTORS PVT LTD,2024,146
3W,A.J ENTERPRISES,2024,66
3W,A.R. MOTOR,2024,164
3W,A.V.AUTOMOTIVES PVT LTD,2024,674
2W,A-1 SUREJA INDUSTRIES,2024,2
3W,AADHYA ENTERPRISES,2024,312
3W,AADITYA GARBAGE PRODUCTS PVT LTD,2024,4
3W,AAHANA COMMERCE PVT LTD,2024,1194
3W,AAKK AUTO PVT LTD,2024,16
3W,AARGEE ELECTRIC,2024,4
2W,ABZO MOTORS PVT LTD,2024,48
3W,ACCRETION POWER AUTOS,2024,329
3W,ADAPT MOTORS PVT LTD,2024,1
LMV,ADAPT MOTORS PVT LTD,2024,1
3W,ADIDEV TECHNOA PVT LTD,2024,927
3W,ADITYA SAI INDUSTRIES,2024,152
3W,ADM TECHNOLOGIES PVT. LTD.,2024,151
2W,ADRIS ELECTRIC PVT LTD,2024,8
2W,AFTEK MOTORS INDIA PVT LTD,2024,34
3W,AGRAWAL RENEWABLE ENERGY PVT LTD,2024,2
3W,AJAY MOTORS PRIVATE LIMITED,2024,109
3W,AKG INTERNATIONAL,2024,1048
3W,ALBEDO VISION PVT LTD,2024,4
MMV,ALL TERRAIN CRANE,2024,20
3W,ALLENTTI MOTORS PVT LTD,2024,131
3W,ALLFINE INDUSTRIES PVT LTD,2024,6317
3W,ALTIER ELECTRIC VEHICLES PVT LTD,2024,1804
3W,ALTIGREEN PROPULSION LABS PVT LTD,2024,939
LMV,ALTIGREEN PROPULSION LABS PVT LTD,2024,6
2W,ALTIUS EV TECH PVT LTD,2024,14
3W,ALTIUS TECHNOLOGIES,2024,7
3W,AMAN AUTOMOBILES,2024,55
3W,AMAN ELECTRIC VEHICLES,2024,327
3W,AMBIKA ENTERPRISES,2024,55
3W,AMBIKA INDUSTRIES,2024,1060
2W,AMO MOBILITY SOLUTIONS PVT LTD,2024,80
2W,AMPERE VEHICLES PRIVATE LIMITED,2024,857
2W,ANCHI MOTORCYCLE  (IMPORTER: ECOTRINITY AUTOMOBILE,2024,22
2W,ANCHI MOTORCYCLE (IMPORTER: EVNEXUS PVT. LTD.),2024,3
2W,ANCHI MOTORCYCLE (IMPORTER: YED ELECTRIC),2024,39
2W,ANCHI MOTORCYCLE(IMPORTER:GREEN FUEL ALTERNATIVES),2024,8
3W,ANJALI AUTO COMPONENTS,2024,22
3W,ANJALI TRADERS,2024,53
3W,ANOOP CYLINDERS PVT LTD,2024,8
3W,APARNA INDUSTRIES,2024,30
3W,APM AUTO SALES,2024,395
3W,APSARA ENTERPRISE,2024,685
3W,ARCHIT ENTERPRISES,2024,777
3W,ARD EXIM,2024,29
3W,ARNA ELECTRIC AUTO PVT LTD,2024,76
3W,ARROW AUTOMOTIVE,2024,1925
3W,ASAV AUTOMOTIVE PVT LTD,2024,1
3W,ASHA IMPEX,2024,126
3W,ASHLESHA POWER CONTROLS PVT LTD,2024,2
3W,ASHMA-MOTORS PVT LTD,2024,828
3W,ASHWA ELECTRIC,2024,1
2W,ATHER ENERGY PVT LTD,2024,58547
3W,ATTOLENT AUTO GROUP PVT LTD,2024,408
3W,ATUL AUTO LTD,2024,3938
3W,ATUL GREENTECH PRIVATE LIMITED,2024,308
2W,ATUMOBILE PVT LTD,2024,22
3W,ATUT SANGAM,2024,1593
LMV,AUDI AG,2024,100
3W,AUTOECO GREEN ENERGY PVT LTD,2024,524
3W,AUTOHAUS PRIVATE LIMITED,2024,2
3W,AUTOLITE (INDIA) LIMITED,2024,1
3W,AVL ELECTRIC VEHICLES PVT LTD,2024,1951
3W,AVON CYCLES LTD,2024,429
2W,AYAAN ELECTRONIC PVT LTD,2024,25
3W,B24 ROKET EV,2024,663
3W,BABA E-VEHICLES,2024,515
3W,BAGHWAN RIKSHAW UDYOG,2024,25
2W,BAILI MOTOR (IMPORTER:A B MOTOSS EV PVT LTD),2024,3
2W,BAJAJ AUTO LTD,2024,73698
3W,BAJAJ AUTO LTD,2024,16461
LMV,BAJAJ AUTO LTD,2024,1
3W,BAJAJ IMPLEMENTS PVT. LTD,2024,575
3W,BAL GOPAL WHEELS PVT LTD,2024,99
3W,BALAJI TRADING COMPANY,2024,21
3W,BALAN ENGINEERING PVT LTD,2024,112
3W,BALI AUTO INDUSTRIES,2024,159
2W,BATTRE ELECTRIC MOBLITY PVT LTD,2024,1836
3W,BAXY LTD,2024,1481
2W,BENLING INDIA ENERGY AND TECHNOLOGY PVT LTD,2024,402
3W,BENTINCK INDUSTRIES PVT. LTD.,2024,137
3W,BEST WAY AGENCIES PVT LTD,2024,3545
3W,BESTWAY BANARASH,2024,10
2W,BGAUSS AUTO PRIVATE LIMITED,2024,10711
3W,BHADAURIA ENTERPRISES,2024,81
3W,BHAVE ELECTRIC VEHICLES PVT LTD,2024,1398
3W,BHM INDUSTRIES,2024,1377
3W,BIG BULL TRADER PVT LTD,2024,1040
LMV,BIG BULL TRADER PVT LTD,2024,1
3W,BIJNOR ENTERPRISES,2024,24
2W,BLIX CYCLES AND E-VEHICLES PVT LTD,2024,4
LMV,BMW INDIA PVT LTD,2024,591
2W,BOOMA INNOVATIVE TRANSPORT SULUTIONS PVT LTD,2024,326
2W,BOUNCE ELECTRIC 1 PVT LTD,2024,1598
3W,BRIGHT AUTOZONE PVT LTD,2024,1853
3W,BRIGHT METAL WORKS,2024,1
3W,BSERAIL ENGINEERING PVT LTD,2024,41
LMV,BYD AUTO,2024,2
LMV,BYD INDIA PRIVATE LIMITED,2024,1401
3W,C M OVERSEAS,2024,16
3W,CAPCO INDUSTRIES PVT LTD,2024,30
LMV,CAPCO INDUSTRIES PVT LTD,2024,1
3W,CARREE YUNUS VEHICLE PVT LTD,2024,22
3W,CART INDIA,2024,357
3W,CEEON INDIA,2024,394
3W,CELLETRON MOTOR WORKS,2024,93
3W,CHAMPION POLY PLAST,2024,6654
3W,CHANDAKE-AUTOMOBILES LLP,2024,37
2W,CHANDANA CORPORATION,2024,106
3W,CHAUHAN AUTO INDUSTRIES,2024,380
3W,CHEHAK BATTERIES,2024,190
2W,CHETAK TECHNOLOGY LIMITED,2024,4
2W,CHINA HAOCHEN (IMPORTER: ADMS MARKETING),2024,154
2W,CHINA HAOCHEN (IMPORTER:SLSR ELECTRO),2024,10
2W,CHONGQING CHARMING (IMPORTER: AYAAN ELECTRONICS).,2024,1
3W,CITADEL ENTERPRISES(OPC) PVT LTD,2024,8
3W,CITYGREEN AUTO & PETRO CHEMICALS (P) LTD,2024,301
3W,CLENERGY INNOVATIONS PVT LTD,2024,1
3W,CONTINENTAL ENGINES PVT LTD,2024,425
3W,CYRUS AUTO INDUSTRIES PVT LTD,2024,37
3W,D S INDUSTRIES,2024,2
3W,D.K. MOTORS,2024,5
3W,DAKSH INDUSTRIES,2024,2871
2W,DAO EVTECH PRIVATE LIMITED,2024,72
3W,DASHMESH TRADERS,2024,73
3W,DAVE EXIM PVT LTD,2024,120
3W,DE EUSI MOTORS PVT LTD.,2024,1048
3W,DEEP DRAWN TECHNOLOGIES,2024,14
3W,DELTA AUTOCORP LLP,2024,1246
3W,DELTEK ENTERPRISES PVT LTD,2024,21
3W,DEV MOTORS,2024,287
3W,DEVAM ELECTRIC VEHICLES PVT LTD,2024,83
3W,DHAR IN PVT LTD,2024,26
3W,DHAR INTERNATIONAL,2024,14
3W,DHRITI ENTERPRISES,2024,81
3W,DIAMOND E VEHICLES,2024,234
3W,DILIGENT MOBILITY SERVICE PVT LTD,2024,1
3W,DILLI ELECTRIC AUTO PVT LTD,2024,11832
3W,DIVANSU AUTOMOBILES LTD,2024,43
3W,DIVYA ENTERPRISES,2024,403
2W,DONGMA VEHICLE (IMPORTER: MERCURY METALS),2024,1
3W,DONGMA VEHICLE (IMPORTER: MERCURY METALS),2024,23
3W,DSF INDUSTRIES PVT LTD,2024,1
3W,DSR EV MOBILITY PVT LTD,2024,27
3W,DUKE AUTO INDIA,2024,444
3W,DYNAVOLT TECHNOLOGY INDIA LTD,2024,1
3W,DYS IMPEX PRIVATE LIMITED,2024,495
3W,E ROYCE MOTORS INDIA PVT LTD,2024,479
2W,E-ASHWA AUTOMOTIVE (HS 2W) PVT LTD,2024,1
3W,E-ASHWA AUTOMOTIVE PVT LTD,2024,86
3W,EBUZZ MOBILITY LLP,2024,16
3W,ECO DYNAAMIC EQUIPMENTS,2024,55
2W,ECO FUEL SYSTEMS (I) PVT LTD,2024,127
3W,ECO SMART VEHICLES PVT LTD,2024,816
2W,ECOBIT INTERNATIONAL(IMPORTER: JHEV MOTORS),2024,44
3W,ECO-FRIENDLY ELECTRIC VEHICLE PVT LTD,2024,165
3W,EDMRC MANNSCHAFT LLP,2024,20
3W,EFEV CHARGING SOLUTION PVT LTD,2024,170
3W,E-GURU AUTO ENERGY,2024,202
3W,ELECTRA INTERNATIONAL,2024,8
2W,ELECTRECA VEHICLES,2024,40
2W,ELECTRIC ALLIANCE(IMPORTER: ELLYSIUM AUTOMOTIVES),2024,2
3W,ELEPHANTA INDUSTRIES PVT LTD,2024,8
3W,ELITE AUTO ENGINEERS PVT LTD,2024,934
2W,ELTHOR ENERGY PRIVATE LIMITED,2024,82
3W,E-MOTION AUTOMOTIVE INDUSTRY LLP,2024,259
3W,ENERGY ELECTRIC VEHICLES,2024,6782
3W,ENGINIA VEHICLES PVT LTD,2024,184
2W,ENGTIAN ELECTRIC BIKE PVT LTD,2024,237
2W,ENIGMA AUTOMOBILES PVT LTD,2024,13
3W,ENTICE IMPEX PVT LTD,2024,599
3W,EPOWER VEHICLES PVT LTD,2024,6
3W,ERISHA E MOBILITY PVT LTD,2024,48
LMV,ERISHA E MOBILITY PVT LTD,2024,1
2W,E-SPRINTO GREEN ENERGY PVT LTD,2024,331
2W,ESSEL ENERGY INFRA PVT LTD,2024,1
3W,ETRIO AUTOMOBILES PVT LTD,2024,6
3W,EULER MOTORS PVT LTD,2024,2104
LMV,EULER MOTORS PVT LTD,2024,2
LMV,EVAGE AUTOMOTIVE PVT LTD,2024,60
3W,EVBHARAT RANGE PRIVATE LIMITED,2024,18
3W,EVCO AUTOMOBILES PVT LTD,2024,327
3W,EVEX AUTO INDIA PVT LTD,2024,36
3W,EVOLUTION AUTOTECH,2024,2
2W,EVTRIC MOTORS PVT LTD,2024,123
2W,EXERVAL PVT LTD,2024,13
3W,EXIDE INDUSTRIES LTD,2024,1318
3W,EXTRA FAST SOLUTIONS,2024,470
3W,EXTREME MOTORS,2024,90
3W,EYUG AUTOMOBILE PVT LTD,2024,10
3W,FEDE INDUSTRIES PVT LTD,2024,496
2W,FIADO INDUSTRIES PVT LTD,2024,58
3W,FIRST CHOICE ELECTRIC VEHICLES PVT LTD,2024,281
3W,FITWEL MOBILITY PVT LTD,2024,2
3W,FIVE ELEMENTS,2024,83
3W,FRN MOTORS PVT LTD,2024,6
2W,FSTMOTO (IMPORTER: AUTOICARE INNOVATION),2024,21
2W,FSTMOTO INTERNATIONAL (IMPORTER: TEDI (INDIA)),2024,2
2W,FUJIYAMA POWER INFRA PVT. LTD.,2024,4
3W,G & G AUTOMOTIVE,2024,648
3W,G. M. VEHICLE INDUSTRIES,2024,22
3W,G.K E-VEHICLS INDUSTRIES PVT LTD,2024,479
3W,G.K. RICKSHAW,2024,2850
3W,GAGAN AUTOMOTIVES,2024,508
3W,GALVANIC AUTO PVT LTD,2024,19
2W,GAURA ELECTRIC VEHICLES PVT LTD,2024,163
3W,GAYATRI ELECTRIC VEHICLES,2024,1053
3W,GKON ELECTRIC MOTOR VEHICLES PVT LTD,2024,277
3W,GOBIND INDUSTRIES PVT LTD,2024,10
2W,GODAWARI ELECTRIC MOTORS PVT LTD,2024,184
3W,GODAWARI ELECTRIC MOTORS PVT LTD,2024,155
3W,GODAWARI TECHNO SOLUTIONS PVT LTD,2024,32
3W,GOENKA ELECTRIC MOTOR VEHICLES PVT LTD,2024,36
2W,GOGORO INDIA PVT LTD,2024,115
2W,GOLDENLION (IMPORTER:ELLYSIUM AUTOMOTIVES PVT LTD),2024,1
3W,GOPAL AUTO MOTORS PVT LTD,2024,939
2W,GOREEN E-MOBILITY PVT LTD,2024,952
3W,GRAM TARANG EMPLOYABILITY TRAINNING SERVICES P LTD,2024,11
3W,GRD MOTORS,2024,2043
2W,GREAVES ELECTRIC MOBILITY PVT LTD,2024,18424
3W,GREEN EVOLVE PVT LTD,2024,172
3W,GREEN IMPEX,2024,169
3W,GREEN SHUTTLE TECHNOLOGY PVT LTD,2024,27
3W,GREEN STAR MOTORS,2024,176
3W,GREEN TACK EMPALA ELECTRIC MOTOR COMPANY,2024,22
3W,GREEN TECHNOLOGIES,2024,198
3W,GREEN VALLEY MOTORS,2024,4
3W,GREEN WAY ECO RIDE,2024,1
3W,GREENFIT INDUSTRIES LLP,2024,168
3W,GREENTECH AUTO LLP,2024,7
3W,GREENWHEELS AUTOMOBILE PVT LTD,2024,424
3W,GRINDIA G MOTORS PVT LTD,2024,2
2W,GUANGXI MEIBAO(IMPORTER: DYNAMO ELECTRIC),2024,4
3W,GURUKIRPA INDUSTRIES,2024,1
3W,HAITEK AUTOMOTIVE PVT LTD,2024,60
3W,HANUMAN UDYOG,2024,68
3W,HARSH TRADING CO,2024,36
3W,HARSHVIE INDUSTRIES PVT LTD,2024,4
3W,HBSS E MOBILITY PVT LTD,2024,16
2W,HERO ELECTRIC VEHICLES PVT. LTD,2024,2211
2W,HERO MOTOCORP LTD,2024,19479
3W,HIM TEKNOFORGE LTD,2024,321
3W,HINDUSTAN MOTOR CORPORATION,2024,580
3W,HITECH  MECHANICAL WORKS,2024,4
3W,HI-TECH INDUSTRIES,2024,21
2W,HOMFEEL VEGH AUTOMOBILES PVT LTD,2024,4
2W,HONGKONG YIXING (IMPORTER: ADMS MARKETING),2024,163
2W,HONGKONG YIXING (IMPORTER: VICTORY ELECTRIC),2024,3
3W,HOOGHLY MOTORS PVT LTD,2024,2783
2W,HOP ELECTRIC MOBILITY PVT LTD,2024,163
3W,HOP MOTORS PVT LTD,2024,340
3W,HOTAGE INDIA,2024,7423
2W,HOUSTAN INNOVATION LLP,2024,5
3W,HOVEL CYLINDER PVT LTD,2024,48
2W,HSU DRAGON (IMPORTER: DARK FIGHT POWER PVT LTD),2024,1
3W,HUNDA EV PVT LTD,2024,255
3W,HUNDAL INDUSTRIES,2024,562
3W,HYKON INDIA LTD,2024,17
LMV,HYUNDAI MOTOR INDIA LTD,2024,757
LMV,"HYUNDAI MOTORS LTD, SOUTH KOREA",2024,1
3W,INDIA SAFE ENTERPRISE,2024,241
3W,INDIAN MOTORS,2024,1399
3W,INS AUTOMOBILES PVT LTD,2024,272
3W,INVVIGORS INDIA,2024,73
2W,IRA EDUTECH PVT LTD,2024,6
3W,ISUKII GREENS PVT LTD,2024,14
2W,IVOOMI INNOVATION PVT LTD,2024,668
2W,IZANAU ELECTRIC LLP,2024,13
3W,J P AUTO TECH,2024,30
3W,J. S. AUTO (P) LTD,2024,6278
3W,JADE KOREA SPINE LIFE,2024,24
LMV,JAGUAR LAND ROVER INDIA LIMITED,2024,4
3W,JAI SRI RAM ELECTRIC VEHICLE MANUFACTURING PVT LTD,2024,108
3W,JAIDKA POWER SYSTEMS PVT LTD,2024,61
3W,JAIN POWER CORP,2024,58
LMV,JAIN POWER CORP,2024,1
3W,JAISIK BUSINESS LINKS PVT LTD,2024,287
3W,JAJODIA COMMODITIES PVT LTD,2024,770
3W,JAL ENTERPRISES,2024,2
3W,JAYATI TOOLS,2024,5
3W,JAYNA AUTOMOBILES LLP,2024,5
2W,JEEVAA E-BIKE MFG PVT LTD,2024,1
3W,JESSUN TECHNO PVT LTD,2024,101
2W,JIANGSU AIMA (IMPORTER: FUTURE EV),2024,40
2W,JIANGSU AIMA (IMPORTER: QUANTUM ENERGY),2024,13
2W,JIANGSU DALONG (IMPORTER: ENGTIAN ELECTRIC),2024,4
2W,JIANGSU DALONG (IMPORTER: KINGCHE MOBILITY),2024,7
2W,JIANGSU DALONG (IMPORTER: SABOO TOR),2024,24
2W,JIANGSU DALONG (IMPORTER:TYLOS ELECTRIC VEHICLES),2024,10
2W,JIANGSU GUOWEI (IMPORTER: REVEAL ELECTRIC),2024,10
2W,JIANGSU GUOWEI (IMPORTER:ELECTRO-TECH),2024,7
3W,JIANGSU JINPENG (IMPORTER: KKL HITECH EV),2024,16
2W,JIANGSU SUNHOU (IMPORTER: SABOO TOR),2024,2
2W,JIANGSU XINRI (IMPORTER: NISIKI TECHNOLOGIES),2024,2
2W,JIANGSU XINRI E-VEHICLE(IMPORTER SWIFT CUR.TECH.),2024,11
2W,JIANGSU ZHEENAIDA (IMPORTER: KLB GLOBAL),2024,121
2W,JITENDRA NEW EV-TECH PVT. LTD,2024,687
3W,JITENDRA NEW EV-TECH PVT. LTD,2024,5
3W,JITENDRA TEMPO PARTS,2024,348
3W,JMT VEHICLES PVT LTD,2024,1383
3W,JOYRAM STEEL FABRICATION WORKS,2024,3
3W,JS MOBILEON PVT LTD,2024,678
2W,JUNENG MOTORCYCLE (IMPORTER: ADMS MARKETING),2024,37
2W,JUNENG MOTORCYCLE (IMPORTER: ISCOOT MOTERS),2024,102
2W,JUNENG MOTORCYCLE (IMPORTER: JHEV MOTORS PVT LTD),2024,52
2W,JUNENG MOTORCYCLE TECH. (IMPORTER: DELTA AUTOCORP),2024,23
3W,K T ENTERPRISES,2024,93
3W,K. S. INDUSTRIES,2024,8
3W,K. V. INDUSTRIES,2024,19
2W,KABIRA MOBILITY LLP,2024,27
3W,KABMAX ELECTRIC AUTOMOBILES PVT. LTD,2024,189
3W,KADESEETLA AASHIRWAD GP INDUSTRIES PVT LTD,2024,4
2W,KAINING (HONGKONG) (IMPORTER: ENERGY AUTOMOBILE),2024,10
2W,KAINING (HONGKONG) (IMPORTER: ENIGMA AUTOMOBILES),2024,12
2W,KAINING (HONGKONG) (IMPORTER: TOXMO ELECTRIC),2024,2
2W,KAINING (HONGKONG) (IMPORTER: VOLTA EV PVT LTD),2024,3
2W,KAINING (HONGKONG) (IMPORTER:M/S IZANAU ELECTRIC),2024,17
3W,KAKKAR ELECTRIC AUTO PVT LTD,2024,93
3W,KALINGA VENTURES INDIA PVT LTD,2024,9
3W,KALPVRIKSH ELECTOMOBILES CO,2024,211
3W,KAMAZ INDUSTRIES,2024,42
3W,KANHA ELECTRIC VEHICLES,2024,33
3W,KAPTECH INDIA PVT LTD,2024,1242
3W,KATYAYANI AUTOMOTIVE,2024,2
3W,KCAS ELECTRIC VEHICLES PVT LTD,2024,105
3W,KERALA AUTOMOBILES LIMITED,2024,87
3W,KETO MOTORS PVT LTD,2024,364
3W,KETRON ELECTRIC VEHICLES PVT LTD,2024,1
3W,KGN,2024,170
3W,KGN INDUSTRIES,2024,522
3W,KHALSA E-VEHICLES PVT LTD,2024,5591
LMV,KIA INDIA PRIVATE LIMITED,2024,172
2W,KINETIC GREEN ENERGY & POWER SOLUTIONS LTD,2024,7515
3W,KINETIC GREEN ENERGY & POWER SOLUTIONS LTD,2024,1756
LMV,KINETIC GREEN ENERGY & POWER SOLUTIONS LTD,2024,30
3W,KIRAN AUTOMOBILE INDUSTRY,2024,77
3W,KIRTI SOLAR LTD,2024,7
2W,KLB KOMAKI PVT LTD,2024,1889
3W,KLB KOMAKI PVT LTD,2024,192
LMV,KLB KOMAKI PVT LTD,2024,1
3W,KPT INDUSTRIES LTD,2024,3
3W,KPT MOTORS,2024,26
3W,KRISHNA ENGINEERING WORKS,2024,748
3W,KRISHNA VEHICALS,2024,91
3W,KUKU AUTOMOTIVES,2024,189
3W,KUMAR ENGINEERING,2024,1100
3W,KUMARAN ENGINEERING ENTERPRISES,2024,15
2W,KYTE ENERGY PVT. LTD.,2024,218
3W,LAKSHYA AUTO SALES CORPORATION,2024,168
3W,LAKSHYA MOTORS,2024,10
3W,LALA G E RICKSHAW AND SPARE PARTS,2024,45
3W,LAWAT MOTORS LLP,2024,264
2W,LECTRIX EV PVT LTD,2024,2661
3W,LECTRIX EV PVT LTD,2024,3785
LMV,LECTRIX EV PVT LTD,2024,1
3W,LEOPAN MOTORS PRIVATE LIMITED,2024,4
2W,LIMA VEHICLE GROUP(IMPORTER: ROUTE & MARS EV LLP),2024,2
3W,LIONIZE AUTOMOBILE PVT LTD,2024,194
3W,LOHIA AUTO INDUSTRIES,2024,770
3W,LORDS VEHICLE MFG PVT LTD,2024,50
3W,LUCKY INDUSTRIES,2024,88
3W,M G INDUSTRIES,2024,53
3W,M K BROTHERS,2024,12
3W,M.K. ENTERPRISES,2024,657
LMV,"M/S PATEL & SONS ENGINEERING WORKS,SAMBALPUR",2024,1
3W,M/S SHRIRAM AUTO TECH PVT LTD,2024,1852
3W,M/S VISHNU CLEAN ENERGY VEHICLES LLP,2024,35
LMV,M/S VISHNU CLEAN ENERGY VEHICLES LLP,2024,3
3W,M2J E VAHAN PVT LTD,2024,8
3W,MAA DURGA ELECTRIC MOTOR VEHICLE PVT LTD,2024,11
3W,MAA KALPANA ENTERPRISE,2024,230
3W,MAA SHAKTI EXIM PVT LTD,2024,1373
3W,MAC AUTO INDIA,2024,401
2W,MAC INTERNATIONAL (IMPORTER: JHEV MOTORS PVT LTD),2024,27
2W,MAC INTERNATIONAL (IMPORTER:HONESTY),2024,1
3W,MAHI ENTERPRISES,2024,1
3W,MAHINDRA & MAHINDRA LIMITED,2024,1331
LMV,MAHINDRA & MAHINDRA LIMITED,2024,4305
3W,MAHINDRA ELECTRIC MOBILITY LIMITED,2024,57
LMV,MAHINDRA ELECTRIC MOBILITY LIMITED,2024,1
3W,MAHINDRA LAST MILE MOBILITY LTD,2024,34331
LMV,MAHINDRA LAST MILE MOBILITY LTD,2024,430
3W,MAHTAB BODY MAKER,2024,590
3W,MALAK TECHNO PVT LTD,2024,50
3W,MALI ENTERPRISES PVT LTD,2024,2
3W,MANIRAM ELECTRIC VEHICLE PVT LTD,2024,766
3W,MANISH EV INTERNATIONAL PRIVATE LIMITED,2024,195
3W,MANITA CITY MOTORS LLP,2024,1280
3W,MANMOHAN KAUR,2024,65
3W,MARKUS,2024,35
2W,MARUTHISAN PVT LTD,2024,90
2W,MAULIRAJ INDUSTRIES LLP,2024,1
2W,MECPOWER MOBILITY PVT. LTD.,2024,154
LMV,MERCEDES -BENZ AG,2024,316
LMV,MERCEDES-BENZ INDIA PVT LTD,2024,112
2W,MEW ELECTRICALS LIMITED,2024,6
LMV,MG MOTOR INDIA PVT LTD,2024,7229
2W,MICROAUTOTECH PVT. LTD.,2024,2
3W,MILLENNIAL MOTORS LLP,2024,10
3W,MINI METRO EV L.L.P,2024,7092
2W,MIRAKLE 5 AUTOMOBILES PVT LTD,2024,12
3W,MLR AUTO LTD,2024,143
LMV,MLR AUTO LTD,2024,13
2W,MODIKA INTERNATIONAL (IMPORTER: FRANKLIN EV),2024,30
3W,MOHAN GENERAL TRADING COMPANY,2024,31
3W,MOMU AUTOMOTIVE,2024,210
3W,MONDAL TRADING,2024,38
2W,MOTOVOLT MOBILITY PVT LTD,2024,14
3W,MOVE STONE SERVICES PVT LTD,2024,2297
3W,MVM MOTORS PRIVATE LIMITED,2024,5
3W,N0VA AUTOMOTIVE TECHNOLOGIES PVT. LTD,2024,2796
3W,NAMAH INDUSTRIES PVT LTD,2024,153
3W,NARAINDASS AND SONS,2024,11
2W,NDS ECO MOTORS PVT LTD,2024,2
3W,NEEDLE EYE PLASTIC INDUSTRIES PVT LTD,2024,357
3W,NEELAM CYCLE,2024,21
3W,NEUON MOTORS LLP,2024,54
3W,NEW ARCANA INDIA,2024,502
3W,NEW CHAWLA INDUSTRIES,2024,67
3W,NGAGE WHEEL PVT LTD,2024,10
3W,NHD MOTORS,2024,202
2W,NINGBO SANJIANG (IMPORTER: VABRO EVTECH),2024,28
3W,NIPUN SANYANTRA PVT LTD,2024,138
3W,NIRMAL UTILITY SERVICES PVT LTD,2024,7
2W,NISIKI TECHNOLOGIES PVT LTD,2024,23
3W,NRJ ELECTRIC MOTOR VEHICLES PVT LTD,2024,2110
2W,NUMEROS MOTORS PVT LTD,2024,150
2W,OBEN ELECTRIC VEHICLES PVT LTD,2024,217
3W,OCULUS AUTO INDUSTRIES LLP,2024,3
2W,ODYSSE ELECTRIC VEHICLES PVT LTD,2024,39
3W,OGATA MOTORS INDIA PVT LTD,2024,47
3W,OK PLAY INDIA LTD,2024,81
2W,OKAYA EV PVT LTD,2024,4387
2W,OKINAWA AUTOTECH PVT LTD,2024,3893
2W,OLA ELECTRIC TECHNOLOGIES PVT LTD,2024,211273
3W,OM BALAJEE AUTOMOBILE ( INDIA) PVT. LTD,2024,1461
3W,OM INDUSTRIES,2024,768
3W,OM RAJ AUTOTECH LLP,2024,550
3W,OMEGA SALES & AGRO INDUSTRIES,2024,188
3W,OMEGA SEIKI PVT LTD,2024,4592
LMV,OMEGA SEIKI PVT LTD,2024,61
2W,OMJAY EV LIMITED,2024,13
2W,OTHERS,2024,4
3W,OTHERS,2024,174
LMV,OTHERS,2024,84
MMV,OTHERS,2024,1
2W,OZOTEC AUTOMOBILE PRIVATE LIMITED,2024,56
3W,PACE AGRO PRIVATE LIMITED,2024,11
3W,PANTHER ELECTRIC VEHICLES,2024,23
3W,PARAS INDUSTRIES,2024,1822
3W,PARI E-VEHICLES,2024,265
3W,PARI METRO E RICKSHAW,2024,514
3W,PARVEEN AUTO,2024,24
3W,PATS MOTOR CORP,2024,6
LMV,PCA AUTOMOBILES INDIA PVT LTD,2024,916
3W,PIAGGIO VEHICLES PVT LTD,2024,12869
LMV,PIAGGIO VEHICLES PVT LTD,2024,8
LMV,PINNACLE MOBILITY SOLUTIONS PVT LTD,2024,27
3W,PLAUDIT TECHNO INDIA PVT LTD,2024,360
MMV,PMI ELECTRO MOBILITY SOLUTIONS PRIVATE LIMITED,2024,5
3W,POOSHPAK AUTOMOBILES PVT LTD,2024,249
2W,PORFITEL TECHNOLOGY (IMPORTER: AERORIDE),2024,89
LMV,PORSCHE AG GERMANY,2024,54
2W,PORWAL ELECTRIC,2024,5
LMV,POWERLAND AGRO TRACTOR VEHICLES PVT LTD,2024,9
3W,PRAAKARM AUTO & CONSTRUCTION EQUIPMENTS,2024,30
3W,PRABHA AUTOMOTIVE ENGINEERS PVT LTD,2024,9
3W,PRAG MOTORS,2024,94
3W,PRAGYA AUTOMOBILE PVT LTD,2024,79
3W,PRAJJWAL MAHAJAN TRADERS,2024,99
3W,PRAKASH ENTERPRISES,2024,65
3W,PRESTANTIA CREATIONS PVT LTD,2024,11
3W,PRIDE E-MOTORS,2024,220
3W,PRIYAM INDUSTRIES AND ENGINEERING PVT LTD,2024,99
3W,PUBANG ETRON ELECTRIC MOTOR PVT LTD,2024,12
3W,PUNJAB BODY BUILDERS,2024,37
2W,PUR ENERGY PVT LTD,2024,3143
3W,PURVA UDYOG PVT LTD,2024,8
3W,PYTHOX MOTORS PVT LTD,2024,462
2W,QICHENG VEHICLE (IMPORTER: AUTOICARE INNOVATION),2024,28
2W,QOOKEE TECHNOLOGIES (IMPORTER:VIKEBIKE INDIA),2024,21
2W,QUANTUM ENERGY LTD.,2024,3178
3W,R3 ENTERPRISES,2024,276
3W,RACCOON MOTORS PVT LTD,2024,9
3W,RACHANACREATIONS AUTO PVT LTD,2024,10
3W,RAFTAAR ELECTRIC GREEN VEHICLES PVT LTD,2024,12
3W,RAHUL AGRO EXPORTS PVT LTD,2024,42
3W,RAJ AUTOMOTIVE,2024,52
3W,RAJESH STEEL AND WIRE INDUSTRIES,2024,2
3W,RAMA INDUSTRIES,2024,18
3W,RAMON INDUSTRIES,2024,45
3W,RANA ENGINEER WORKS,2024,564
3W,RASANDIK ENGINEERING INDUSTRIES INDIA LTD,2024,150
3W,RASIWASIA RASAYAN PVT LTD,2024,4
3W,RAVI METAL WORKS,2024,452
3W,RAYON ENGINEERS,2024,990
3W,RCJ AUTO FORGE PVT LTD,2024,530
3W,RDS INDUSTRIES,2024,110
3W,REDDY AUTOMOTIVE PVT LTD,2024,4
3W,REEP INDUSTRIES PVT LTD,2024,759
3W,REFLEX CONTROL SYSTEM PVT .LTD,2024,42
2W,REGENERATION E BIKES,2024,6
3W,REPUBLIC MOTORS,2024,143
2W,REVOLT INTELLICORP PVT LTD,2024,4650
2W,RGM BUSINESS PLUS PVT LTD,2024,176
3W,RIBAND ELECTRIC PVT LTD,2024,223
3W,RICHFORD ALLIANZ PVT LTD,2024,162
2W,RIVER MOBILITY PVT LTD,2024,1134
3W,RIYA ENTERPRISE,2024,5
3W,ROANSOME MOTORS,2024,65
3W,ROARLEO MOTOR PVT LTD,2024,180
LMV,ROLLS ROYCE,2024,1
LMV,ROLLS ROYCE MOTOR (IMPORTER: KUN MOTOR),2024,3
LMV,ROLLS-ROYCE MOTOR CARS(IMPORTER:SELECT CARS P LTD),2024,2
2W,ROWWET MOBILITY PVT LTD,2024,260
3W,ROYCE EV PVT LTD,2024,246
3W,RP MOTORS,2024,107
3W,RUTBA PRODUCT PVT LTD,2024,405
3W,S AND J INDUSTRIES,2024,44
3W,S B TRADERS,2024,83
3W,S S GLOBAL,2024,26
3W,SAERA ELECTRIC AUTO PVT LTD,2024,16408
3W,SAGAR FABRICATIONS,2024,17
3W,SAHNIANAND E VEHICLES PVT LTD,2024,5074
2W,SAI SAMEER POWER ELECTRIC VEHICLES PVT LTD,2024,7
3W,SAIFIAN SOLAR PVT LTD,2024,29
3W,SAINIK CYCLE MART,2024,11
3W,SAKSHAM TECH AUTOMOBILES,2024,65
3W,SAKSHAM TRADING COMPANY,2024,97
3W,SAMEER ENGINEERING,2024,21
3W,SAMRAT ELECTRIC VEHICLE,2024,386
3W,SARAVANA ENGINEERING WORKS,2024,4
3W,SATHI MOTORS ELECTRIC VEHICLE PVT LTD,2024,2169
2W,SBTEK E MOTO PVT LTD,2024,8
3W,SCOOTERS INDIA LTD,2024,1
3W,SEALION AUTOMOBILE PVT LTD,2024,13
2W,SEEKA E MOTORS PVT LTD,2024,12
3W,SEN AND PANDIT VOLTAGE CONTROL PVT LTD,2024,37
3W,SETH INDUSTRIAL CORPORATION,2024,700
3W,SF2 E VEHICLE PVT LTD,2024,14
3W,SGLLINE MOTORS PVT LTD,2024,23
3W,SHAILENDRA AUTOS PVT LTD,2024,91
3W,SHAKTI AUTO GREEN,2024,522
3W,SHALYA AUTO SALES PVT LTD,2024,360
3W,SHAMMI ELECTRONICS,2024,21
2W,SHEMA E- VEHCILE & SOLAR PVT LTD,2024,1568
3W,SHIGAN EVOLTZ LTD,2024,145
3W,SHINE METAL UDYOG PVT LTD (UNIT- II),2024,138
3W,SHINME ELECTRICAL VEHICLE PVT LTD,2024,72
3W,SHIV ENTERPRISES,2024,72
3W,SHIV OM INDIA,2024,151
3W,SHIVA ENTERPRISES,2024,65
3W,SHIVGANGA ECOGREEN LLP,2024,35
3W,SHREE MARUTI NANDAN BUSINESSS (P) LTD,2024,98
3W,SHREYA ENGINEERS,2024,3
3W,SHRI BARSANA E-VEHICLES PVT LTD,2024,3224
3W,SHRI NAMO ELECTRIC AUTOMOTIVE,2024,395
3W,SHRIRAJ ELECTRIC VEHICLES,2024,1240
3W,SHUBHAM MANUFACTURER,2024,13
2W,SIMPLEENERGY PVT LTD,2024,568
3W,SINGH AUTOMOBILES,2024,322
3W,SINGHAL ENTERPRISES,2024,63
3W,SIRF INDIA VEHICLES PVT LTD,2024,53
3W,SITYOG ENGINEERING PVT LTD,2024,2
3W,SIWACH STEEL PVT LTD,2024,8
3W,SIX SENSES AUTOMOTIVE PVT LTD,2024,33
3W,SKS TRADE INDIA PVT LTD,2024,5687
LMV,SKS TRADE INDIA PVT LTD,2024,1
3W,SKYRIDE AUTOMOTIVE,2024,14
3W,SKYY RIDER ELECTRIC PRIVATE LIMITED,2024,143
2W,SMAP VEHICLES (IMPORTER: ELEGO MOTORS),2024,2
3W,SMART ELECTRO MOTORS,2024,44
3W,SN SOLAR ENERGY,2024,244
2W,SOKUDO ELECTRIC INDIA PVT LTD,2024,232
3W,SONI E VEHICLE PVT LTD,2024,22
3W,SPEED AUTO TECH,2024,20
3W,SPEEDWAYS ELECTRIC,2024,2
3W,SPEEGO VEHICLES CO PVT LTD,2024,2228
3W,SRD RENEWABLES,2024,941
3W,SSB INDISTRIES,2024,1021
3W,SSEV ENTERPRISES PRIVATE LIMITED,2024,620
3W,SSV TECHNOLOGIES,2024,1
3W,STAR BULL E MOTORS,2024,1133
3W,STAR IGLOBAL AUTOMOTIVE PVT LTD,2024,315
3W,STAR INDUSTRIES,2024,47
3W,SUDHRAJ ELECTRIC MOBILITY PVT. LTD.,2024,223
2W,SUMEC CO LTD (IMPORTER: ROUTE & MARS EV LLP),2024,1
3W,SUMFONL AUTO TRADERS PVT LTD,2024,162
3W,SUN AUTO,2024,2
3W,SUN INDUSTRIES,2024,207
3W,SUNANDA GREENTECH PVT LTD,2024,112
3W,SUNARIYA MOTORS PVT LTD,2024,31
3W,SUNSHINE TECHNOLOGIES,2024,7
3W,SUNULTRA POWER SOLUTIONS PVT LTD,2024,52
3W,SUPER METRO INDUSTRIES,2024,538
3W,SUPER POWER MOTORS,2024,107
2W,SUPERECO AUTOMOTIVE CO,2024,15
3W,SUPERECO AUTOMOTIVE CO,2024,71
3W,SUPERTECH EV LIMITED,2024,1390
LMV,SUPERTECH EV LIMITED,2024,1
3W,SUPREME SALES AGENCY,2024,50
3W,SUPREME SMART POWER PVT LTD,2024,219
3W,SUPROVA ENTERPRISE,2024,3
3W,SURYA INTERNATIONAL,2024,13
3W,SVS ENTERPRISES,2024,17
3W,SWARNCHAKRA AUTOMOBILES PVT LTD,2024,4
3W,SWASTIK,2024,1
LMV,SWITCH MOBILITY AUTOMOTIVE LTD,2024,84
3W,SYNDICATE AUTO COMPONENTS,2024,51
3W,T U K INDUSTRIES,2024,1948
3W,TAO POWER PRIVATE LIMITED,2024,3
3W,TARA MAA MACHINERY,2024,54
3W,TATA MOTORS LTD,2024,1
LMV,TATA MOTORS LTD,2024,3076
MMV,TATA MOTORS LTD,2024,5
LMV,TATA MOTORS PASSENGER VEHICLES LTD,2024,490
LMV,TATA PASSENGER ELECTRIC MOBILITY LTD,2024,35830
3W,TAURUS ELECTRIC VEHICLES,2024,170
3W,TERRA MOTORS INDIA PVT LTD,2024,4959
3W,THE COMMERCIAL MOTORS LIMITED,2024,4
3W,THE COMMERCIAL MOTORS PVT LTD,2024,10
2W,THUKRAL ELECTRIC BIKES PVT LTD,2024,8
3W,THUKRAL ELECTRIC BIKES PVT LTD,2024,3924
3W,TI CLEAN MOBILITY PVT LTD,2024,3139
3W,TOP TEAM MACHINES PVT LTD,2024,809
2W,TORK MOTORS PVT LTD,2024,931
3W,TRINITY ELECTRIC VEHICLES PVT LTD,2024,120
3W,TRISHIKA INDUSTRIES,2024,422
3W,TRUPART AUTOMOTIVE INDIA PVT LTD,2024,1
3W,TRUZ INDUSTRIES,2024,4
3W,TSM ENGINEERING PVT LTD,2024,227
3W,TSR TRADE COM,2024,9
3W,TUFAN MOTORS PVT LTD,2024,460
2W,TUNWAL E MOTORS PVT LTD,2024,16
2W,TVS MOTOR COMPANY LTD,2024,98516
3W,TVS MOTOR COMPANY LTD,2024,99
3W,TWASHTRE AUTOMOTIVE PVT LTD,2024,6
3W,TWINKLE TRADCOM PVT LTD,2024,449
3W,TWO FRIENDS AUTO ELECTRIC CO,2024,2002
2W,TYST DRIVE INDIA PVT LTD,2024,6
3W,U.P. TELELINKS LIMITED,2024,1760
2W,ULTRAVIOLETTE AUTOMOTIVE PVT LTD,2024,69
3W,UMA  AUTO INDUSTRIES PVT. LTD,2024,50
3W,UMA MOTORS,2024,125
3W,UNIQUE AUTO ELECTRIC,2024,874
3W,UNIQUE ENTERPRISES,2024,2132
3W,UNIQUE INTERNATIONAL,2024,8121
3W,UNITED TRANSMOVERS PVT LTD,2024,194
3W,URWASHI ENTERPRISES,2024,208
3W,USHASONS AUTO COMPONENTS,2024,17
3W,V.V.A.AUTO INDUSTRIES PVT.LTD,2024,3
3W,VAHAK FUTURE SOLUTIONS LLP,2024,89
3W,VANI ELECTRIC VEHICLES PVT LTD,2024,4577
LMV,VE COMMERCIAL VEHICLES LTD,2024,27
3W,VEANCO AUTOMOTIVES PVT LTD,2024,3
3W,VEECTERO E VEHICLES LLP,2024,59
MMV,VEERA VAHANA UDYOG PRIVATE LIMITED,2024,8
3W,VENUS AUTO WHEELS PVT LTD,2024,204
3W,VICTORIA E VEHICLES PVT. LTD,2024,2
3W,VICTORY ELECTRIC INTERNATIONAL,2024,1402
3W,VIJAYA ELECTRIC AUTO PVT LTD,2024,138
3W,VIJAYS COOLMAX PRIVATE LIMITED,2024,3091
3W,VIJAYSHREE AUTOCOM LIMITED,2024,142
3W,VIJEX STEEL FABRICATION,2024,22
3W,VIMAL UNIVERSAL TRADE PVT LTD,2024,704
3W,VINCI INDUSTRIAL CORPORATION,2024,37
2W,VINTAGE VEHICLES,2024,1
3W,VISHAL ENTERPRISES,2024,20
3W,VISHALA E-VEHICLES INDUSTRIES PRIVATE LIMITED,2024,22
3W,VISHWAKARMA GNG INDUSTRY,2024,162
3W,VISHWARUP ENTERPRISE,2024,2
3W,VITAN JAGADA AUTOMOBILE PVT LTD,2024,2
LMV,VOLVO AUTO INDIA PVT LTD,2024,317
3W,VORC MOTORS PVT LTD,2024,3
3W,VRINDA ENTERPRISES,2024,847
3W,VSL INDUSTRIES,2024,1
2W,WARDWIZARD INNOVATIONS & MOBILITY LIMITED,2024,7166
3W,WARDWIZARD INNOVATIONS & MOBILITY LIMITED,2024,18
LMV,WARDWIZARD INNOVATIONS & MOBILITY LIMITED,2024,2
2W,WARIVO MOTOR INDIA PVT LTD,2024,23
3W,WASAN E-MOBILITY SOLUTIONS PVT LTD,2024,20
3W,WELKIN HEALTHCARE PVT LTD,2024,29
2W,WHITE CARBON MOTORS PVT LTD,2024,20
3W,WOX COOLERS PVT LTD,2024,2
2W,WUXI DONGMA (IMPORTER: DYNAM PRECISION),2024,6
2W,WUXI JIYAYI (IMPORTER: IZANAU ELECTRIC LLP),2024,64
2W,WUXI MAYA (IMPORTER: DYNAMO ELECTRIC P. LTD.),2024,63
2W,WUXI NOOMA (IMPORTER: KKL HITECH EV),2024,1
2W,WUXI NOOMA (IMPORTER: SMARTNK  ELECTRIC VEHICLE),2024,4
2W,WUXI SAIGE (IMPORTER: DM GREEN ENERGY),2024,21
3W,WUXI SAIGE (IMPORTER: DM GREEN ENERGY),2024,4
2W,WUXI SAIGE (IMPORTER: ELECTRO-TECH),2024,9
2W,WUXI SAIGE (IMPORTER: E-VISHWA ELECTOBIKE),2024,4
2W,WUXI SAIGE (IMPORTER: NGAGE IMPEX),2024,11
2W,WUXI SAIGE (IMPORTER: WARIVO MOTOR),2024,282
2W,WUXI SAIGE (IMPORTER: ZELIO AUTO PVT.LTD.),2024,22
2W,WUXI SAIGE ELECTRIC (IMPORTER: DELTA AUTOCORP LLP),2024,109
2W,WUXI SAIGE ELECTRIC (IMPORTER: GLORIOUS DIGITAL),2024,3
2W,WUXI SHENGBAO (IMPORTER:ELECTRIC ONE ENERGY),2024,45
2W,WUXI SHENGBAO (IMPORTER:SHEMA E-VEHICLE),2024,48
2W,WUXI TENGHUI (IMPORTER: BOHRE ELECTRIC),2024,6
2W,WUXI TENGHUI (IMPORTER: FEZORA INDIA),2024,16
2W,WUXI TENGHUI (IMPORTER: FLYCON MOTORS),2024,157
2W,WUXI TENGHUI (IMPORTER: FRANKLIN EV INDIA),2024,10
2W,WUXI TENGHUI (IMPORTER: HOP ELECTRIC MOBILITY),2024,168
2W,WUXI TENGHUI (IMPORTER: JAIDKA POWER),2024,1
2W,WUXI TENGHUI (IMPORTER: JOZHI SERVICES),2024,36
2W,WUXI TENGHUI (IMPORTER: RADHA MOBILITIES LLP),2024,7
2W,WUXI TENGHUI (IMPORTER: REMARK ELECTRIC),2024,4
2W,WUXI TENGHUI (IMPORTER: SEEKA E MOTORS),2024,167
2W,WUXI TENGHUI INTERNATIONAL (IMPORTER: FEZORA),2024,18
2W,WUXI TENGHUI INTERNATIONAL (IMPORTER: FRANKLIN EV),2024,12
2W,WUXI TOURWE (IMPORTER: GOREEN E-MOBILITY),2024,102
3W,YAARI AUTOMOBILES PVT LTD,2024,79
2W,YANGGUANG LINGMU (IMPORTER: DAWNGATE BUSINESS),2024,1
2W,YANGGUANG LINGMU (IMPORTER: ECOINDIA),2024,1
2W,YANGGUANG LINGMU (IMPORTER: FLYCON MOTORS),2024,96
2W,YANGGUANG LINGMU (IMPORTER: REMARK ELECTRIC),2024,13
2W,YANGGUANG LINGMU (IMPORTER: XWLS ELECTRIC),2024,13
3W,YC ELECTRIC VEHICLE,2024,23892
2W,YOUYAKU ELECTRIC (IMPORTER: HOUSTAN INNOVATION),2024,109
2W,YOUYAKU ELECTRIC (IMPORTER: SASDAL ENTERPRISES),2024,101
2W,YOUYAKU ELECTRIC (IMPORTER: SHEMA E-VEHICLE),2024,3
2W,YOUYAKU ELECTRIC (IMPORTER: SMOBILITY EV),2024,36
2W,YOUYAKU ELECTRIC (IMPORTER: TVISI ELECTRIC),2024,11
2W,YOUYAKU ELECTRIC (IMPORTER:IME VEHICLES PVT LTD),2024,232
2W,YOUYAKU ELECTRIC (IMPORTER:KRISHIKA EV INDIA),2024,23
2W,YOUYAKU ELECTRIC (IMPORTER:NEWTRON ELECTRIC),2024,67
2W,YOUYAKU ELECTRIC (IMPORTER:ONZO EV),2024,37
2W,ZAP (HK) (IMPORTER: IZANAU ELECTRIC),2024,48
2W,ZAP (IMPORTER:ELLYSIUM AUTOMOTIVES PVT LTD),2024,7
3W,ZENIAK INNOVATION INDIA LTD,2024,2626
3W,ZENTHIUM EV PVT LTD,2024,612
3W,ZEOPLUS AXIS INDIA PVT. LTD.,2024,3578
3W,ZERO 21 RENEWABLE ENERGY SOLUTIONS PVT LTD,2024,55
3W,ZESAR MOTORS PVT LTD,2024,19
2W,ZHEJIANG LUYUAN (IMPORTER: DYNAM EV TECH),2024,9
2W,ZHEJIANG TIANYING  (IMPORTER: NEWTRON ELECTRIC),2024,6
2W,ZHONGHUALONG (IMPORTER: POWORO PVT LTD),2024,54
2W,ZHONGXING (IMPORTER:GREENO AUTOMOBILE),2024,5
3W,ZOHAN TRADERS AND BIG METRO,2024,74
